country_code,country,year,population,population_grow,population_under_14,population_above_65,gdp,gdp_growth_rate,unemployment,education_gov_expenditure,health_expenditure,life_expectancy_fem,life_expectancy_male,tuberculosis,hiv,infant_mortality,physicians,gdp_capita,gdp_growth_capita,educ_exp_capita,health_exp_capita,health_expend_category
ARE,United Arab Emirates (the),2005,4588225,12.02,18.34,0.89,182978,4.9,3.1,4.91,2.3,76.82,74.6,2.6,0.736,9,1.5,39879.9099869775,1954.1155893619,1958.1035803606,917.237929700483,high
ARE,United Arab Emirates (the),2010,8549988,7.69,13.16,0.69,289787,1.6,3.7,4.899,3.9,77.77,75.62,1.8,0.846,7.7,1.5,33893.2639437623,542.292223100196,1660.43100060491,1321.83729380673,very high
ARE,United Arab Emirates (the),2019,9630959,1.5,14.6,1.09,382575,0.8,1.7,5.403,3.5,79.16,77.13,1,1.184,6.5,2.4,39723.4584842486,317.787667873988,2146.25846190395,1390.3210469487,very high
AFG,Afghanistan,2005,25654277,3.68,47.86,2.23,6622,9.9,8.5,3.655,9.9,59.63,57.04,189,0.1,84.6,0.2,258.124600432123,25.5543354427802,9.43445414579409,25.5543354427802,very low
AFG,Afghanistan,2010,29185507,2.75,48.18,2.33,16078,3.2,7.8,3.5,8.6,62.46,59.68,189,0.1,72.2,0.2,550.889864616709,17.6284756677347,19.2811452615848,47.3765283570369,very low
AFG,Afghanistan,2019,37172386,2.38,43.09,2.58,21993,2.5,8.8,3.9,10.2,66.03,63.05,189,0.1,60.1,0.3,591.648865370116,14.7912216342529,23.0743057494345,60.3481842677519,low
ATG,Antigua and Barbuda,2005,81465,1.4,26.51,6.98,1022,6.4,8.4,3.4,4.5,76.34,73.58,8.5,1.327,11.5,1.302,12545.2648376603,802.896949610262,426.539004480452,564.536917694715,high
ATG,Antigua and Barbuda,2010,88028,1.47,24.34,7.36,1152,-7.2,10.458,2.5,5.4,77.12,74.44,9.1,1.338,9,1.6,13086.7451265506,-942.245649111646,327.168628163766,706.684236833735,high
ATG,Antigua and Barbuda,2019,96286,0.9,22.08,8.8,1510,3,10.122,4.835,4.3,77.98,75.72,6,1.14,6.8,2.8,15682.4460461542,470.473381384625,758.246266331554,674.345179984629,high
ALB,Albania,2005,3011487,-0.51,26.5,8.5,8052,5.5,17.5,3.2,6.3,78.17,72.71,19,0.765,21.2,1.463,2673.76216467147,147.056919056931,85.5603892694871,168.447016374303,medium
ALB,Albania,2010,2913021,-0.5,22.46,10.65,11927,3.7,14.2,3.3,5,79.3,74.14,17,0.786,16.8,1.2,4094.37487748973,151.49187046712,135.114370957161,204.718743874486,medium
ALB,Albania,2019,2866376,-0.25,17.67,13.74,13039,3.8,15.1,4,6.7,80.17,76.82,18,0.552,9.2,1.2,4548.94961442602,172.860085348189,181.957984577041,304.779624166543,medium
ARM,Armenia,2005,2981269,-0.65,21.46,11.9,5226,13.9,16.1,2.7,7,75.64,69.31,92,0.1,27.1,2.981,1752.94480303522,243.659327621895,47.3295096819509,122.706136212465,low
ARM,Armenia,2010,2877319,-0.37,19.46,10.99,9875,2.2,19,3.2,5.3,76.38,69.99,61,0.2,21,2.8,3432.01431610468,75.504314954303,109.82445811535,181.896758753548,medium
ARM,Armenia,2019,2951776,0.24,20.63,11.25,11537,7.5,18.4,2.8,9.9,78.35,71.22,31,0.2,13.2,2.9,3908.49441150006,293.137080862504,109.437843522002,386.940946738506,medium
AGO,Angola,2005,19433602,3.54,46.88,2.53,36971,15,21.4,2.8,3.7,52.61,47.89,368,1.4,128.8,0.1,1902.42652906034,285.36397935905,53.2679428136894,70.3897815752324,low
AGO,Angola,2010,23356246,3.67,47.04,2.36,83799,4.9,9.9,3.5,2.7,58.03,52.85,384,1.7,104.2,0.1,3587.86253578593,175.805264253511,125.575188752508,96.8722884662202,low
AGO,Angola,2019,30809762,3.28,46.81,2.22,126506,-2.5,8.9,3.025,2.9,63.67,58.06,355,2,78.2,0.2,4106.03626214315,-102.650906553579,124.20759692983,119.075051602151,low
ARG,Argentina,2005,38892931,1.04,27.28,9.89,200622,8.9,11.5,3.9,7.6,77.83,71.01,31,0.3,16.7,3.2,5158.31527328192,459.090059322091,201.174295657995,392.031960769426,high
ARG,Argentina,2010,40788453,0.75,26.04,10.2,426487,10.1,7.7,5,8.6,78.65,71.84,21,0.4,14.2,2.621,10456.0719672305,1056.06326869028,522.803598361527,899.222189181826,high
ARG,Argentina,2019,44494502,1.02,24.76,11.12,637486,2.9,7.9,5.6,7.5,79.86,73.08,27,0.4,12.1,4,14327.2982356337,415.491648833377,802.328701195487,1074.54736767253,high
AUT,Austria,2005,8227829,0.68,15.97,16.2,315967,2.2,5.6,5.2,9.6,82.2,76.6,13,0.162,4.5,2.919,38402.2322291822,844.849109042009,1996.91607591747,3686.61429400149,very high
AUT,Austria,2010,8363404,0.24,14.72,17.8,391893,1.8,4.8,5.7,10.2,83.5,77.8,9.1,0.175,3.8,4.8,46858.0735786529,843.445324415752,2670.91019398322,4779.5235050226,very high
AUT,Austria,2019,8840521,0.49,14.3,19,416836,2.6,5.4,5.5,10.4,84,79.4,7.1,0.138,3.3,5.1,47150.614765804,1225.9159839109,2593.28381211922,4903.66393564361,very high
AUS,Australia,2005,20394800,1.32,19.81,12.87,760397,2.8,5,4.9,8,83.3,78.5,6,0.1,4.9,2.5,37283.8664757683,1043.94826132151,1826.90945731265,2982.70931806147,very high
AUS,Australia,2010,22031750,1.56,19.03,13.38,1297259,2.5,5.2,5.6,8.4,84,79.5,6.5,0.1,4.4,3.3,58881.3417000465,1472.03354250116,3297.3551352026,4946.03270280391,very high
AUS,Australia,2019,24982688,1.54,19.19,15.66,1408676,2.9,5.5,5.3,9.3,84.9,80.7,6.6,0.1,3.6,3.6,56386.0862369974,1635.19650087292,2988.46257056086,5243.90602004076,very high
ABW,Aruba,2005,100031,1.3,21.47,8.59,2331,1.2,6.9,4.7,5.398,76.7,71.82,8.6,1.355,17.8,1.169,23302.7761393968,279.633313672761,1095.23047855165,1257.88385600464,very high
ABW,Aruba,2010,101669,0.21,20.87,10.29,2391,-3.4,10.6,6.7,6.389,77.42,72.52,6.8,1.274,16.2,1.802,23517.4930411433,-799.594763398873,1575.6720337566,1502.53263039865,very high
ABW,Aruba,2019,105845,0.45,17.8,13.55,2701,1.3,11.837,6.1,6.841,78.51,73.63,5.4,1.184,14.8,2.09,25518.4467853937,331.739808210119,1556.62525390902,1745.71694458879,very high
AZE,Azerbaijan,2005,8391850,1.02,26.23,6.59,13245,28,7.3,3,7.4,71.76,65.74,88,0.645,54.2,2.111,1578.31705762138,441.928776133987,47.3495117286415,116.795462263982,low
AZE,Azerbaijan,2010,9054332,1.19,22.84,5.9,52906,4.8,5.6,2.8,4.9,74.12,67.77,104,0.403,40.7,3.7,5843.16987713726,280.472154102589,163.608756559843,286.315323979726,medium
AZE,Azerbaijan,2019,9939800,0.87,23.37,6.2,40749,0.1,5,2.9,6.9,75.34,70.34,63,0.492,31.4,3.4,4099.57946839977,4.09957946839977,118.887804583593,282.870983319584,medium
BIH,Bosnia and Herzegovina,2005,3765331,0.03,17.7,13.52,11223,3.9,30.1,4.238,9.1,77.79,72.46,70,0.1,9.8,2.883,2980.61445328445,116.243963678094,126.318440530195,271.235915248885,medium
BIH,Bosnia and Herzegovina,2010,3705472,-0.82,15.74,13.96,17176,0.9,27.2,4.404,9,78.48,73.48,45,0.1,9,1.8,4635.30691906456,41.7177622715811,204.138916715603,417.177622715811,high
BIH,Bosnia and Herzegovina,2019,3323929,-0.83,14.77,16.47,18169,3,26.5,4.627,9.2,79.72,74.75,25,0.1,6.9,2,5466.121568782,163.98364706346,252.917444987543,502.883184327944,high
BRB,Barbados,2005,276323,0.38,20.56,12.45,3897,4,9.1,5.6,6.6,79.5,76.23,3.9,1,13,1.8,14103.0605487057,564.122421948227,789.771390727518,930.801996214575,high
BRB,Barbados,2010,282131,0.36,19.74,13.25,4365,0.3,10.7,6.1,6.8,79.82,76.81,2.4,1.3,12.6,2.079,15471.5362721573,46.4146088164718,943.763712601593,1052.06446650669,high
BRB,Barbados,2019,286641,0.14,17.34,15.8,4713,0.9,9.4,4.7,7,80.39,77.68,0.4,1.5,11.5,2.5,16442.1698221818,147.979528399636,772.781981642542,1150.95188755272,high
BGD,Bangladesh,2005,139035505,1.48,34.36,4.3,57628,6,4.2,1.9,2.3,68.72,66.95,221,0.1,55.5,0.3,414.484055709367,24.869043342562,7.87519705847798,9.53313328131545,very low
BGD,Bangladesh,2010,147575430,1.12,31.99,4.77,114508,5.6,3.4,1.9,2.5,71.26,68.69,221,0.1,43.3,0.4,775.928621722464,43.452002816458,14.7426438127268,19.3982155430616,very low
BGD,Bangladesh,2019,161356039,1.05,27.71,5.16,245633,7.3,4.4,1.5,2.4,74.29,70.64,221,0.1,33.2,0.5,1522.30434957566,111.128217519023,22.8345652436349,36.5353043898159,very low
BEL,Belgium,2005,10478617,0.55,17.15,17.29,387356,2.1,8.4,5.204,9,81.9,76.2,12,0.229,4.2,2,36966.3286672277,776.292902011783,1923.72774384253,3326.9695800505,very high
BEL,Belgium,2010,10895586,0.91,16.88,17.33,483548,2.7,8.3,5.474,9.8,83,77.5,11,0.217,3.8,2.9,44380.1737694512,1198.26469177518,2429.37071213976,4349.25702940622,very high
BEL,Belgium,2019,11433256,0.51,17.06,18.79,494764,1.7,6.4,6.6,10,83.9,79.4,9,0.195,3.5,3.3,43274.1119415152,735.659903005758,2856.09138814,4327.41119415152,very high
BFA,Burkina Faso,2005,13421930,2.96,46.5,2.57,5463,8.7,4,4.4,4.4,54.04,52.44,64,1.5,90,0.1,407.020450859154,35.4107792247464,17.9088998378028,17.9088998378028,very low
BFA,Burkina Faso,2010,15605217,3.02,46.22,2.47,8980,8.4,4.6,3.9,5.9,57.62,56.44,58,1.2,77.5,0,575.448582355503,48.3376809178623,22.4424947118646,33.9514663589747,very low
BFA,Burkina Faso,2019,19751535,2.87,44.95,2.41,12325,6.3,6.2,4.2,6.8,61.86,60.36,48,0.7,64.7,0.1,624.002134517646,39.3121344746117,26.2080896497411,42.4321451472,very low
BGR,Bulgaria,2005,7658972,-0.75,13.62,17.35,29636,7.1,10.1,4.1,6.9,76.3,69,52,0.1,12.8,3.567,3869.44879808935,274.730864664344,158.647400721663,266.991967068165,medium
BGR,Bulgaria,2010,7395599,-0.66,13.5,18.08,50610,1.3,10.3,3.9,7.1,77.2,70,41,0.1,9.5,3.8,6843.2590788116,88.9623680245508,266.887104073652,485.871394595624,high
BGR,Bulgaria,2019,7025037,-0.72,14.6,21.02,58222,3.8,4.4,4.1,8.2,78.4,71.5,22,0.1,8.3,4,8287.78553052461,314.935850159935,339.799206751509,679.598413503018,high
BHR,Bahrain,2005,889164,6.9,25.68,2.24,15969,6.8,1.3,3.868,3.2,76.28,74.57,36,0.77,9.8,1,17959.5665141639,1221.25052296314,694.676032767859,574.706128453244,high
BHR,Bahrain,2010,1240860,4.6,20.31,2.08,25713,4.3,1.1,2.5,3.8,77.09,75.27,23,1.373,7.9,0.9,20721.91866931,891.04250278033,518.04796673275,787.43290943378,high
BHR,Bahrain,2019,1569439,4.92,19.25,2.43,35326,3.8,1.2,2.3,4.9,78.28,76.31,11,0.876,6.9,0.9,22508.6798531195,855.329834418541,517.699636621748,1102.92531280286,high
BDI,Burundi,2005,7364862,3.22,46.98,2.28,1117,0.9,1.7,3.6,8.4,54.93,51.78,195,2.2,87.5,0,151.666114042598,1.36499502638339,5.45998010553355,12.7399535795783,very low
BDI,Burundi,2010,8675602,3.26,45.14,2.16,2032,5.1,1.6,6.8,11.3,58.97,55.47,144,1.6,70,0,234.220057582171,11.9452229366907,15.9269639155876,26.4668665067854,very low
BDI,Burundi,2019,11175378,3.17,45.5,2.25,3155,3.3,1.5,4.3,7.7,63.03,59.44,111,1,52.3,0,282.317072406857,9.31646338942629,12.1396341134949,21.738414575328,very low
BEN,Benin,2005,7982225,2.95,44.44,3.16,4804,1.7,0.9,3.6,4,58.79,55.85,73,1.3,84,0,601.837207044402,10.2312325197548,21.6661394535985,24.0734882817761,very low
BEN,Benin,2010,9199259,2.81,43.85,3.23,6970,2.1,1,5,4.1,60.72,57.87,68,1.1,74.5,0.1,757.669721006877,15.9110641411444,37.8834860503438,31.0644585612819,very low
BEN,Benin,2019,11485048,2.73,42.45,3.25,9236,5,2.3,4,3.9,63,59.91,56,1,67.7,0.2,804.176003443782,40.2088001721891,32.1670401377513,31.3628641343075,very low
BRN,Brunei Darussalam,2005,365114,1.57,27.83,2.95,10561,0.4,5.9,3.7,2.2,75.08,73.01,51,1.278,9.7,1.1,28925.212399415,115.70084959766,1070.23285877835,636.35467278713,high
BRN,Brunei Darussalam,2010,388646,1.23,25.96,3.39,13707,2.6,6.2,2,2.3,75.88,73.66,70,1.133,9.3,1.4,35268.59918795,916.983578886699,705.371983758999,811.177781322849,high
BRN,Brunei Darussalam,2019,428962,1.05,23.03,4.87,12128,1.3,6.8,4.4,2.3,76.96,74.59,68,0.897,8.8,1.8,28272.9006298926,367.547708188604,1244.00762771528,650.27671448753,high
BOL,Bolivia (Plurinational State of),2005,9232306,1.78,36.33,5.61,9549,4.4,5.1,6.4,5,67.54,63.19,158,0.5,52,1.2,1034.30280582121,45.5093234561333,66.1953795725575,51.7151402910605,low
BOL,Bolivia (Plurinational State of),2010,10048590,1.64,34.49,6.12,19650,4.1,2.5,7.6,5.1,70.52,65.62,135,0.4,42.1,0.4,1955.4982340806,80.1754275973047,148.617865790126,99.7304099381107,low
BOL,Bolivia (Plurinational State of),2019,11353142,1.42,31.07,7.19,37509,4.2,3.2,7.3,6.9,74.21,68.43,108,0.3,32.4,1.6,3303.84311232961,138.761410717844,241.180547200061,227.965174750743,medium
BRA,Brazil,2005,186127103,1.15,27.36,6.01,891634,3.2,9.3,4.5,8.3,75.78,68.17,50,0.5,28.2,1.7,4790.45762615238,153.294644036876,215.570593176857,397.607982970648,high
BRA,Brazil,2010,195713635,0.94,24.82,6.82,2208838,7.5,7.3,5.6,9.7,77.38,69.95,44,0.5,20.3,1.8,11286.0711007692,846.455332557693,632.019981643078,1094.74889677462,high
BRA,Brazil,2019,209469333,0.78,21.33,8.92,2055512,1,11.6,6.2,11.8,79.36,72.02,45,0.5,15.8,2.1,9812.94956431641,98.1294956431641,608.402872987618,1157.92804858934,high
BHS,Bahamas (the),2005,324859,1.85,28.11,5.78,9836,3.4,10.2,2.2,4.6,74.78,69.12,17,2.3,13.1,1.295,30277.7512705512,1029.44354319874,666.110527952127,1392.77655844536,very high
BHS,Bahamas (the),2010,354942,1.52,26.88,6.11,10096,1.5,14.3,4.678,5.9,74.61,69.62,10,2.2,11.3,2.7,28444.0838221456,426.661257332184,1330.61424119997,1678.20094550659,very high
BHS,Bahamas (the),2019,385640,1.01,22.48,7.26,11792,1.8,11.4,4.919,6.4,75.91,71.5,14,1.8,8,1.9,30577.7408982471,550.399336168447,1504.11907478477,1956.97541748781,very high
BTN,Bhutan,2005,648739,1.54,35.08,4.41,819,7.1,3.1,7.1,4,65.56,65,194,0.3,51.9,0.2,1262.44915135363,89.6338897461074,89.6338897461074,50.497966054145,very low
BTN,Bhutan,2010,685503,1.05,31.17,5.14,1585,11.7,3.3,4,3.5,68.59,68.16,239,0.3,39.5,0.2,2312.17077095213,270.5239802014,92.4868308380853,80.9259769833247,low
BTN,Bhutan,2019,754394,1.18,25.77,6,2562,6,2.4,7.1,3.5,71.82,71.12,149,0.3,30.5,0.4,3396.10336243395,203.766201746037,241.123338732811,118.863617685188,low
BWA,Botswana,2005,1799078,1.88,36.52,3.15,9931,4.6,20.8,10.7,5.3,54.42,49.98,728,24.6,57,0.3,5520.04971435369,253.92228686027,590.645319435844,292.562634860745,medium
BWA,Botswana,2010,1987105,1.71,34.97,3.32,12787,8.6,17.9,9.6,6,62.59,57.8,518,23.2,44.2,0.4,6434.98959541645,553.409105205815,617.759001159979,386.099375724987,medium
BWA,Botswana,2019,2254126,2.2,34.11,4.22,17407,2.4,17.8,5.83400000000001,5.5,72.05,66.2,275,20.3,35.5,0.4,7722.28349258205,185.334803821969,450.518018957237,424.725592092013,high
BLR,Belarus,2005,9663915,-0.68,15.6,14.72,31232,9.4,0.9,5.9,6.3,75.1,62.9,69,0.1,9.6,3.297,3231.81650500858,303.790751470807,190.677173795506,203.604439815541,medium
BLR,Belarus,2010,9490583,-0.17,14.9,13.96,57232,7.8,1.2,5.2,5.7,76.5,64.6,68,0.2,6.3,3.5,6030.39876475449,470.371103650851,313.580735767234,343.732729591006,medium
BLR,Belarus,2019,9483499,-0.16,16.87,14.85,54441,2.4,0.5,4.8,6.3,79.4,69.2,31,0.5,3.4,4.1,5740.60270370672,137.774464888961,275.548929777923,361.657970333524,medium
BLZ,Belize,2005,283800,2.6,38.9,3.48,1114,3,11,5.3,4.2,72.94,67.3,41,1.7,20.2,1,3925.29950669486,117.758985200846,208.040873854827,164.862579281184,medium
BLZ,Belize,2010,322464,2.45,35.61,4.08,1397,3.3,11.4,6.6,5.8,74.74,69.59,52,1.9,17.3,0.8,4332.26654758361,142.964796070259,285.929592140518,251.271459759849,medium
BLZ,Belize,2019,383071,1.92,30.28,4.74,1902,0.5,9.3,7.1,6.1,77.67,71.58,30,1.9,15,1.1,4965.13701115459,24.825685055773,352.524727791976,302.87335768043,medium
CAN,Canada,2005,32243753,0.94,17.68,13.12,1169393,3.2,6.8,4.8,9.1,82.6,77.9,5.5,0.185,5.3,1.9,36267.2732296392,1160.55274334846,1740.82911502268,3300.32186389717,very high
CAN,Canada,2010,34004889,1.11,16.49,14.15,1613463,3.1,8.1,5.4,10.6,83.5,79.1,4.6,0.245,5.1,2,47447.9713784685,1470.88711273253,2562.1904544373,5029.48496611767,very high
CAN,Canada,2019,37057765,1.4,15.87,17.23,1647120,3,5.9,5.3,10.5,84.1,79.9,5.6,0.162,4.6,2.6,44447.3648100472,1333.42094430142,2355.7103349325,4666.97330505496,very high
COD,Congo (the Democratic Republic of the),2005,54785903,3.18,45.78,2.96,11965,6.1,3.7,2.568,4.3,55.12,52.23,327,1.4,99.5,0.0689999999999999,218.39559713016,13.3221314249397,5.6083989343025,9.39101067659686,very low
COD,Congo (the Democratic Republic of the),2010,64563854,3.33,46.14,2.99,21566,7.1,3.7,1.5,4,58.34,55.48,327,1.1,83.8,0.1,334.025908676393,23.7158395160239,5.0103886301459,13.3610363470557,very low
COD,Congo (the Democratic Republic of the),2019,84068091,3.23,46.17,3.02,37642,3.7,3.7,1.5,3.9,61.9,58.85,321,0.8,73.1,0.1,447.756093331535,16.5669754532668,6.71634139997303,17.4624876399299,very low
CAF,Central African Republic (the),2005,4038382,1.96,43.5,3.29,1413,2.4,6.2,1.7,4.8,45.97,43.5,540,5.9,105.1,0.1,349.892605503887,8.3974225320933,5.94817429356609,16.7948450641866,very low
CAF,Central African Republic (the),2010,4386768,1.13,44.06,3.02,2034,3.6,6.3,1.2,3.7,48.79,45.82,540,5,99.7,0,463.667100699194,16.692015625171,5.56400520839032,17.1556827258702,very low
CAF,Central African Republic (the),2019,4666377,1.52,44.29,2.83,1993,4.3,5.6,1.2,4.3,54.99,50.65,540,3.6,90.3,0.1,427.097939150652,18.365211383478,5.12517526980782,18.365211383478,very low
COG,Congo (the),2005,3622775,3.15,41.85,2.62,6350,7.6,19.8,1.8,1.9,56.56,54.54,426,3.5,72.2,0.2,1752.79999447937,133.212799580432,31.5503999006287,33.303199895108,very low
COG,Congo (the),2010,4273731,3.05,41.63,2.52,13678,15,14.6,6.2,2,61.14,58.97,386,3.1,52.5,0.1,3200.48220161728,480.072330242591,198.429896500271,64.0096440323455,low
COG,Congo (the),2019,5244363,2.58,41.76,2.68,11292,-3.1,11.5,4.6,4.6,65.7,62.84,375,2.6,41.4,0.1,2153.16903120551,-66.7482399673707,99.0457754354533,99.0457754354533,low
CHE,Switzerland,2005,7437115,0.64,16.29,15.78,408697,3.1,4.4,5.2,10.8,83.9,78.7,8,0.146,4.6,3.336,54953.7018050682,1703.56475595712,2857.59249386355,5934.99979494737,very high
CHE,Switzerland,2010,7824909,1.04,15.06,16.89,583783,3,4.8,4.9,10.7,84.5,80.1,7.5,0.123,4.2,3.8,74605.7238493125,2238.17171547937,3655.68046861631,7982.81245187644,very high
CHE,Switzerland,2019,8513227,0.72,14.91,18.62,678938,1.6,4.7,5.1,12.2,85.6,81.6,6.4,0.204,3.9,4.2,79750.9569520465,1276.01531123274,4067.29880455437,9729.61674814967,very high
CIV,Côte d'Ivoire,2005,18354514,2.11,44.13,2.88,17085,1.7,3.5,4.1,5.4,51.82,48.66,267,4.4,87.9,0.1,930.833690284581,15.8241727348379,38.1641813016678,50.2650192753674,very low
CIV,Côte d'Ivoire,2010,20532950,2.33,43.62,2.86,24885,2,3.1,4.6,6.1,54.41,51.69,196,3.6,77.2,0.1,1211.95444395472,24.2390888790943,55.749904421917,73.9292210812377,low
CIV,Côte d'Ivoire,2019,25069229,2.55,41.94,2.86,38055,7.7,2.6,4.4,4.4,58.74,56.25,142,2.6,67.5,0.2,1517.99642501969,116.885724726516,66.7918427008665,66.7918427008665,low
CHL,Chile,2005,16182721,1.04,24.66,8.43,122965,6.2,8,3.3,6.6,80.58,74.53,18,0.2,8.3,1,7598.53673557123,471.109277605416,250.751712273851,501.503424547701,high
CHL,Chile,2010,17062536,1.04,22.08,9.36,218538,5.8,8.4,4.2,6.8,81.66,75.74,16,0.4,7.7,1,12808.0608884869,742.867531532241,537.938557316451,870.94814041711,high
CHL,Chile,2019,18729160,1.39,19.75,11.53,277081,1.5,7.1,5.4,8.5,82.38,77.55,18,0.5,7.2,1.1,14794.0964784326,221.911447176488,798.881209835358,1257.49820066677,very high
CMR,Cameroon,2005,17733410,2.71,44.18,3.01,17944,2,4.4,2.9,4.1,53.89,51.62,311,4.8,92.2,0.1,1011.87532459916,20.2375064919832,29.3443844133757,41.4868883085656,very low
CMR,Cameroon,2010,20341241,2.75,43.69,2.84,26144,3.4,4.1,3,4.5,56.31,53.89,260,4.5,80.5,0.1,1285.27064794129,43.699202030004,38.5581194382388,57.8371791573582,low
CMR,Cameroon,2019,25216237,2.61,42.63,2.73,34924,3.5,4.2,3.1,4.7,60.19,57.66,186,3.6,70.7,0.1,1384.98063767405,48.4743223185918,42.9343997678956,65.0940899706804,low
CHN,China,2005,1303720000,0.59,20.35,7.48,2285960,11.4,4.1,3.882,4.1,74.84,71.3,91,0.468,27.1,1.1,1753.41330960636,199.889117295125,68.0675046789188,71.8899456938606,low
CHN,China,2010,1337705000,0.48,18.66,8.07,6100648,10.6,4.2,3.975,4.2,76.57,72.48,76,0.452,18.1,1.5,4560.53315192812,483.41651410438,181.281192789143,191.542392380981,medium
CHN,China,2019,1392730000,0.46,17.88,10.92,12237782,6.9,4.8,4.097,5,79.05,74.55,61,0.379,12.3,1.8,8786.9019838734,606.296236887265,359.999374279293,439.34509919367,high
COL,Colombia,2005,42647723,1.35,30.32,5.84,146566,4.7,11.9,4,5.5,77.43,71.08,30,0.4,19.5,1.5,3436.6664780673,161.523324469163,137.466659122692,189.016656293702,medium
COL,Colombia,2010,45222700,1.05,27.27,6.59,287018,4,10.9,4.8,6.3,78.4,72.42,32,0.4,16.9,1.6,6346.76832652628,253.870733061051,304.644879673261,399.846404571156,high
COL,Colombia,2019,49648685,1.52,23.08,8.48,309191,1.8,9.2,4.4,5.9,79.86,74.33,33,0.4,14.4,2.1,6227.57682303167,112.09638281457,274.013380213393,367.427032558868,medium
CRI,Costa Rica,2005,4285502,1.42,27.44,6.35,19952,3.9,6.6,4.9,6.7,80.49,75.79,16,0.2,10.9,1.3,4655.69727887188,181.572193876003,228.129166664722,311.931717684416,medium
CRI,Costa Rica,2010,4577378,1.25,24.31,7.3,37269,5,8.9,6.6,8.1,81.24,76.37,13,0.3,10,1.788,8141.99744919471,407.099872459736,537.371831646851,659.501793384772,high
CRI,Costa Rica,2019,4999441,0.99,21.32,9.55,57565,3.2,7.9,7.4,7.6,82.73,77.54,10,0.4,9.3,1.1,11514.2872973198,368.457193514235,852.057260001668,875.085834596308,high
CUB,Cuba,2005,11261582,0.1,19.2,10.87,42644,11.2,2,10.6,8.8,79.66,75.77,7.9,0.1,6.1,6.3,3786.67934931344,424.108087123106,401.388011027225,333.227782739583,medium
CUB,Cuba,2010,11225832,-0.01,17.74,12.54,64328,2.4,2.5,12.8,10.7,80.35,76.37,8.5,0.2,5.3,6.8,5730.35477459488,137.528514590277,733.485411148145,613.147960881652,high
CUB,Cuba,2019,11338138,-0.01,16.21,15.19,96851,1.8,2.6,9.963,12.2,80.71,76.76,7.2,0.4,4.8,8.2,8542.05514168199,153.756992550276,851.044953765777,1042.1307272852,high
CPV,Cabo Verde,2005,463032,1.4,37.64,5.67,1105,6.5,11.2,7.5,4.3,73.97,66.47,79,0.6,24.5,0.897,2386.44413345082,155.118868674303,178.983310008811,102.617097738385,low
CPV,Cabo Verde,2010,492654,1.22,32.31,5.33,1664,1.5,10.7,5.6,4.5,74.59,67.27,90,0.6,22.9,0.6,3377.62405258051,50.6643607887077,189.146946944509,151.993082366123,low
CPV,Cabo Verde,2019,543767,1.16,28.78,4.61,1773,4,10.4,5.2,5.3,76.01,69.32,46,0.6,20.6,0.8,3260.5877149588,130.423508598352,169.550561177857,172.811148892816,medium
CUW,Curaçao,2019,159800,-0.23,18.88,16.68,3122,-1.7,13,4.9,6.721,77.897,72.4946,6.4,1.136,10.3,2.668,19536.9211514393,-332.127659574468,957.309136420526,1313.07647058824,very high
CYP,Cyprus,2005,1027662,1.69,20,10.77,18967,4.9,5.3,6.2,5.3,80.75,76.54,3.8,0.479,5.6,2.128,18456.4574733716,904.366416195208,1144.30036334904,978.192246088695,high
CYP,Cyprus,2010,1112612,1.31,17.84,11.42,25561,1.3,6.3,6.6,6.3,81.63,77.24,6.3,0.418,4.3,2.2,22973.8669005907,298.660269707679,1516.27521543899,1447.35361473721,very high
CYP,Cyprus,2019,1189265,0.81,16.79,13.72,22054,4.2,9.9,6.4,6.9,82.91,78.74,5.4,0.446,4.2,2,18544.2268964444,778.857529650667,1186.83052137244,1279.55165585467,very high
CZE,Czechia,2005,10211216,0.14,14.73,14.04,136281,6.5,7.9,3.9,6.4,79.1,72.9,11,0.1,4,3.048,13346.2067593125,867.503439355313,520.502063613188,854.157232596,high
CZE,Czechia,2010,10474410,0.29,14.24,15.44,207478,2.3,7.3,4.1,6.9,80.6,74.4,6.8,0.1,3.1,3.6,19808.0846558422,455.58594708437,812.13147088953,1366.75784125311,very high
CZE,Czechia,2019,10629928,0.33,15.59,19.42,215825,4.3,2,5.8,7.1,82,76.1,5.4,0.1,2.5,4.3,20303.5241630988,873.051539013246,1177.60440145973,1441.55021558001,very high
DEU,Germany,2005,82469422,-0.06,14.42,18.87,2861339,0.7,11.2,4.985,10.2,81.8,76.2,8,0.1,4.2,3.307,34695.7566890671,242.87029682347,1729.58347095,3538.96718228485,very high
DEU,Germany,2010,81776930,-0.15,13.57,20.55,3417095,4.1,7,4.9,11,82.6,77.5,5.8,0.1,3.7,3.8,41785.5622606522,1713.20805268674,2047.49255077196,4596.41184867175,very high
DEU,Germany,2019,82905782,0.3,13.62,21.46,3693204,2.2,3.6,4.8,11.1,83.4,78.7,7.3,0.1,3.4,4.2,44547.0015589504,980.034034296908,2138.25607482962,4944.71717304349,very high
DJI,Djibouti,2005,783254,1.5,37.88,3.3,674,3.2,6.4,8.4,4.5,59.45,56.56,496,2.1,68.1,0.2,860.512681709892,27.5364058147166,72.283065263631,38.7230706769452,very low
DJI,Djibouti,2010,840198,1.48,32.56,3.82,1015,3.5,6.2,4.5,4.3,61.61,58.61,621,1.6,63.4,0.2,1208.04857902542,42.2817002658897,54.3621860561439,51.9460888980931,low
DJI,Djibouti,2019,958920,1.56,29.57,4.53,1845,4.1,5.8,3.59,3.5,68.78,64.63,260,1.2,55.7,0.2,1924.03954448755,78.8856213239895,69.073019647103,67.3413840570642,low
DNK,Denmark,2005,5419432,0.28,18.73,15.15,264467,2.3,4.8,8.1,9.1,80.2,75.6,8.4,0.1,4.5,3.2,48799.7635176528,1122.39456090601,3952.78084492987,4440.7784801064,very high
DNK,Denmark,2010,5547683,0.44,17.95,16.67,321995,1.9,7.5,8.6,10.3,81.2,77.1,6.9,0.1,3.7,3.6,58041.3480726999,1102.7856133813,4991.55593425219,5978.25885148809,very high
DNK,Denmark,2019,5793636,0.5,16.46,19.81,329866,2.3,5.3,7.6,10.4,83.4,79.4,5.4,0.1,3.5,4.5,56935.9207240496,1309.52617665314,4327.12997502777,5921.33575530116,very high
DMA,Dominica,2005,70589,0.29,26.5252,7.68,370,-0.3,11,5.623,5.2,75.5338,70.5313999999999,12,1.759,14.645,1.8,5241.60988255961,-15.7248296476788,294.735723696327,272.5637138931,medium
DOM,Dominican Republic (the),2005,9097257,1.36,32.96,5.38,35510,9.3,6.5,1.8,4.4,73.95,67.86,69,1.4,34.9,1.8,3903.37439076416,363.013818341067,70.2607390337549,171.748473193623,medium
DOM,Dominican Republic (the),2010,9695121,1.23,30.61,5.85,53160,8.3,5,2,5.6,75.26,69.09,51,1.2,29.5,1.1,5483.17034929219,455.103138991251,109.663406985844,307.057539560362,medium
DOM,Dominican Republic (the),2019,10627165,1.08,27.98,7.08,75932,4.6,5.5,4.29,6.2,77.2,70.81,45,0.9,27.5,1.6,7145.08526027402,328.673921972605,306.524157665756,442.995286136989,high
DZA,Algeria,2005,33149724,1.39,29.19,4.92,103198,5.9,15.3,4.352,3.2,74.41,71.78,80,0.1,33.6,1,3113.08775904137,183.672177783441,135.481579273481,99.6188082893239,low
DZA,Algeria,2010,35977455,1.81,27.28,5.46,161207,3.6,10,4.3,5.1,76.15,73.77,78,0.1,29.4,1.2,4480.77830963863,161.308019146991,192.673467314461,228.51969379157,medium
DZA,Algeria,2019,42228429,2.01,30.15,6.36,167555,1.4,9.9,4.711,6.6,77.94,75.49,69,0.1,24.9,1.8,3967.82461407693,55.549544597077,186.924217569164,261.876424529077,medium
ECU,Ecuador,2005,13825847,1.67,33.13,5.39,41507,5.3,7.7,1.2,5.6,77.14,71.22,40,0.4,23.6,1.5,3002.13071936931,159.112928126573,36.0255686324317,168.119320284681,medium
ECU,Ecuador,2010,15011117,1.59,31.04,6,69555,3.5,4.1,4.5,7.1,78.04,72.27,40,0.4,19.1,2.1,4633.56590985201,162.17480684482,208.510465943341,328.983179599493,medium
ECU,Ecuador,2019,17084357,1.77,28.03,7.16,104296,3,4.2,5,8.4,79.64,74.06,44,0.4,15.1,2,6104.76589783274,183.142976934982,305.238294891637,512.80033541795,high
EST,Estonia,2005,1354775,-0.57,15.16,16.76,14003,9.6,8,4.8,5,78.1,67.3,41,0.7,7.3,4.4,10336.0336587256,992.259231237659,496.12961561883,516.801682936281,high
EST,Estonia,2010,1331475,-0.23,15.13,17.52,19503,2.3,16.7,5.5,6.3,80.5,70.6,25,0.7,4.7,3.2,14647.6651833493,336.896299217034,805.621585084211,922.802906551005,high
EST,Estonia,2019,1321977,0.35,16.36,19.63,25921,4.9,5.5,5.2,6.7,83,74.3,13,0.9,3.2,3.5,19607.7541439828,960.779953055159,1019.60321548711,1313.71952764685,very high
EGY,Egypt,2005,75523569,1.81,33.84,4.9,94456,4.5,11.2,4.8,4.9,71.82,67.14,21,0.1,29.3,0.5,1250.68241941797,56.2807088738086,60.0327561320626,61.2834385514805,low
EGY,Egypt,2010,82761235,1.98,32.56,4.79,214630,5.1,11.8,3.8,4.2,72.61,68.18,18,0.1,23.5,1.07,2593.36391004798,132.261559412447,98.5478285818234,108.921284222015,low
EGY,Egypt,2019,98423595,2.03,33.8,5.23,195136,4.2,11.6,4.235,4.6,74.16,69.6,12,0.1,18.9,0.8,1982.61402664676,83.269789119164,83.9637040284904,91.200245225751,low
ERI,Eritrea,2005,2826659,3.85,38.62,3.82,1098,1.5,7,3.1,5.3,60.79,56.71,209,1.1,59.4,0.1,388.444449790371,5.82666674685556,12.0417779435015,20.5875558388897,very low
ERI,Eritrea,2010,3170435,1.61,39.48,4,2117,2.2,6.8,2.1,3.4,64.26,60.19,149,0.9,51.6,0.292,667.731715048566,14.6900977310685,14.0223660160199,22.7028783116512,very low
ESP,Spain,2005,43653155,1.69,14.25,16.68,1157248,3.7,9.2,4.1,7.7,83.5,77,19,0.4,4,4.5,26510.0655382183,980.872424914076,1086.91268706695,2041.27504644281,very high
ESP,Spain,2010,46576897,0.46,14.79,17.05,1431617,0,19.9,4.8,9,84.7,78.7,17,0.4,3.4,3.7,30736.6332282719,0,1475.35839495705,2766.29699054448,very high
ESP,Spain,2019,46796540,0.44,14.67,19.38,1314314,3,13.4,4.3,9,86.1,80.7,9.4,0.3,2.9,4.1,28085.7089007008,842.571267021023,1207.68548273013,2527.71380106307,very high
ETH,Ethiopia,2005,76346311,2.8,46.49,3.11,12164,11.8,5.4,3.6,4.1,57.64,54.85,341,1.7,77.9,0,159.326624177035,18.8005416528901,5.73575847037324,6.53239159125842,very low
ETH,Ethiopia,2010,87639964,2.78,44.93,3.3,26311,12.6,5.2,4.5,5.5,63.32,59.98,268,1.3,59.8,0,300.216919304075,37.8273318323134,13.5097613686834,16.5119305617241,very low
ETH,Ethiopia,2019,109224559,2.62,40.78,3.5,75605,11.1,5.4,4.7,4,68.17,64.35,151,1,45.8,0.1,692.197805074223,76.8339563632388,32.5332968384885,27.6879122029689,very low
FIN,Finland,2005,5246096,0.34,17.34,16.03,204431,2.8,8.4,6,8,82.3,75.5,7.4,0.1,3.2,3.2,38968.2156026119,1091.11003687313,2338.09293615672,3117.45724820895,very high
FIN,Finland,2010,5363352,0.46,16.52,17.23,247800,3,8.4,6.5,8.9,83.2,76.7,6.6,0.1,2.7,3,46202.4495129166,1386.0734853875,3003.15921833958,4112.01800664957,very high
FIN,Finland,2019,5515525,0.13,16.15,21.72,252247,2.8,8.1,7.1,9.5,84.6,79.2,4.7,0.1,2.1,3.8,45733.9963104147,1280.55189669161,3247.11373803944,4344.7296494894,very high
FJI,Fiji,2005,821604,0.46,30.53,4.09,2980,0.7,4.6,5.1,3.6,67.94,64.79,20,1.402,18.8,0.5,3627.05147491979,25.3893603244385,184.979625220909,130.573853097113,low
FJI,Fiji,2010,859818,0.72,29,4.82,3140,3,8.9,4.5,3.7,68.26,65.18,27,1.338,19.6,0.4,3651.93564219405,109.558069265821,164.337103898732,135.12161876118,low
FJI,Fiji,2019,883483,0.68,29.51,5.45,4874,3,6.2,3.9,3.5,69.18,65.64,54,0.975,20,0.8,5516.80111558457,165.504033467537,215.155243507798,193.08803904546,medium
FSM,Micronesia (Federated States of),2005,106129,-0.47,38.85,3.89,251,2.1,10.185,6.7,11.5,67.14,63.93,115,2.005,39.8,0.6,2365.04631156423,49.6659725428488,158.458102874803,271.980325829886,medium
FSM,Micronesia (Federated States of),2010,102911,-0.06,35.69,3.22,297,2,10.849,8.833,12.9,68.15,64.86,199,3.021,35,0.2,2885.98886416418,57.7197772832836,254.919396371622,372.292563477179,medium
FSM,Micronesia (Federated States of),2019,112640,1.05,31.71,4,336,2,12.981,12.5,12.6,69.45,66.12,108,3.278,30.3,0.931,2982.95454545455,59.6590909090909,372.869318181818,375.852272727273,medium
FRA,France,2005,63179351,0.75,18.49,16.47,2196071,1.7,8.5,5.5,10.2,83.8,76.7,9.9,0.3,4.2,2.964,34759.3155871449,590.908364981464,1911.76235729297,3545.45018988878,very high
FRA,France,2010,65027507,0.49,18.48,16.85,2642610,1.9,8.9,5.7,11.2,85.3,78.2,9.2,0.3,3.7,3.7,40638.3409408575,772.128477876293,2316.38543362888,4551.49418537604,very high
FRA,France,2019,66977107,0.17,17.96,20.03,2582492,2.2,8.6,5.5,11.5,85.6,79.6,8.9,0.3,3.5,3.2,38557.8314094695,848.272291008329,2120.68072752082,4434.15061208899,very high
GAB,Gabon,2005,1390549,2.68,39.35,4.71,9579,1.1,16.9,3.8,2.9,59.51,56.82,592,4.2,59.7,0.3,6888.64613904292,75.7751075294722,261.768553283631,199.770738032245,medium
GAB,Gabon,2010,1624140,3.46,37.43,4.09,14359,7.1,20.4,3.1,2.5,62.77,60,559,4.1,49.9,0.351,8840.98661445442,627.710049626264,274.070585048087,221.02466536136,medium
GAB,Gabon,2019,2119275,2.6,37.03,3.56,14623,1.1,19.2,2.7,3.1,68.32,64.15,525,3.8,41.9,0.4,6900.0011796487,75.9000129761357,186.300031850515,213.90003656911,medium
GBR,United Kingdom of Great Britain and Northern Ireland (the),2005,60401206,0.69,17.98,16.04,2525013,3.1,4.8,5,7.2,81.2,77,15,0.195,5.3,2.574,41804.0162972905,1295.92450521601,2090.20081486452,3009.88917340492,very high
GBR,United Kingdom of Great Britain and Northern Ireland (the),2010,62766365,0.78,17.5,16.57,2452900,1.7,7.8,5.8,8.5,82.4,78.5,14,0.262,4.8,2.7,39079.8479408518,664.35741499448,2266.6311805694,3321.7870749724,very high
GBR,United Kingdom of Great Britain and Northern Ireland (the),2019,66460344,0.61,17.68,18.4,2631228,1.7,3.9,5.5,9.8,83.2,79.6,8,0.2,4.1,2.8,39590.9476484202,673.046110023144,2177.50212066311,3879.91286954518,very high
GRD,Grenada,2005,104661,0.3,28.12,8.83,695,13.3,10.2,3.9,5.3,75.73,70.6,1.7,1.579,12.7,0.6,6640.48690534201,883.184758410487,258.978989308338,351.945805983126,medium
GRD,Grenada,2010,106233,0.42,23.97,9.8,771,-0.5,11.767,6.07,6.1,75.46,70.47,4.3,1.845,12.3,0.7,7257.63180932479,-36.2881590466239,440.538250826014,442.715540368812,high
GRD,Grenada,2019,111454,0.52,23.56,9.62,1127,5.1,11.983,10.3,5.2,74.94,70.06,2.1,2.029,13.7,1.4,10111.7950006281,515.701545032031,1041.51488506469,525.813340032659,high
GEO,Georgia,2005,3902469,-0.64,19.03,14.48,6411,9.6,13.8,2.5,8.3,74.62,66.37,175,0.1,26.5,3.417,1642.8061311954,157.709388594759,41.0701532798851,136.352908889219,low
GEO,Georgia,2010,3786695,-0.73,17.95,14.24,11638,6.2,16.3,3.2,9.5,76.05,66.86,127,0.2,18.2,4.3,3073.39249662304,190.550334790629,98.3485598919374,291.972287179189,medium
GEO,Georgia,2019,3726549,-0.04,19.8,14.87,15159,4.8,11.6,3.8,8.4,77.99,69.17,80,0.4,12.9,5.1,4067.83863569216,195.256254513224,154.577868156302,341.698445398142,medium
GHA,Ghana,2005,21814642,2.52,40.87,2.82,22765,6.2,4.7,7.4,5.3,59.6,57.84,203,2.1,60.9,0.2,1043.56514308142,64.7010388710482,77.2238205880252,55.3089525833154,low
GHA,Ghana,2010,24779619,2.49,39.29,2.84,42587,7.9,5.3,5.5,6.1,61.97,60.1,183,1.9,53.7,0.1,1718.63013713003,135.771780833273,94.5246575421519,104.836438364932,low
GHA,Ghana,2019,29767108,2.19,37.6,3.07,58996,8.1,2.5,4.5,4.4,64.85,62.72,148,1.7,44.8,0.2,1981.91910346144,160.535447380377,89.186359655765,87.2044405523036,low
GMB,Gambia (the),2005,1543741,3.11,46.32,2.61,944,-0.9,9.4,1.1,4.9,59.15,56.82,191,1.8,59.4,0.1,611.501540737727,-5.50351386663955,6.726516948115,29.9635754961486,very low
GMB,Gambia (the),2010,1793196,3,45.15,2.66,1441,6.5,9.4,4.2,5.7,60.96,58.39,178,1.9,52.4,0.1,803.593137615743,52.2335539450233,33.7509117798612,45.8048088440974,very low
GMB,Gambia (the),2019,2280102,2.95,44.27,2.59,1489,4.6,9.4,3.1,4.4,63.15,60.36,174,1.9,49.8,0.1,653.040960448261,30.03988418062,20.2442697738961,28.7338022597235,very low
GIN,Guinea,2005,9109581,2.04,46.81,3.19,4063,3,4.6,1.8,2.9,53.64,52.69,210,1.7,95.2,0.1,446.013927534098,13.380417826023,8.02825069561377,12.9344038984889,very low
GIN,Guinea,2010,10192176,2.26,46.17,3.04,6853,4.8,4.6,2.6,3.1,57.51,56.02,186,1.6,77.7,0.071,672.378498958417,32.274167950004,17.4818409729188,20.8437334677109,very low
GIN,Guinea,2019,12414318,2.83,43.85,2.93,10208,8.2,4.5,2.2,5.5,61.67,60.48,176,1.4,65.7,0.1,822.276342526428,67.4266600871671,18.0900795355814,45.2251988389535,very low
GNQ,Equatorial Guinea,2005,749535,4.44,39.58,3.27,8520,8.9,5.8,4.274,1.4,55.62,53.37,106,4.6,95.4,0.2,11367.0475694931,1011.66723368488,485.827613120135,159.138665972903,medium
GNQ,Equatorial Guinea,2010,943639,4.56,38.5,2.89,16299,-8.9,5.6,4.021,1.5,56.86,54.54,129,5.7,84.6,0.337,17272.495096112,-1537.25206355396,694.527027814663,259.087426441679,medium
GNQ,Equatorial Guinea,2019,1308974,3.65,37.12,2.46,12487,-3.2,8.1,3.702,3.4,59.59,57.41,201,7.1,73.8,0.4,9539.53248880421,-305.265039641735,353.153492735532,324.344104619343,medium
GRC,Greece,2005,10987314,0.29,14.73,17.91,247777,0.6,10,4,9,81.8,76.8,7.1,0.2,4.5,3.333,22551.1894899882,135.307136939929,902.047579599527,2029.60705409894,very high
GRC,Greece,2010,11121341,0.13,15.05,19.15,299362,-5.5,12.7,7.735,9.6,83,77.9,4.7,0.247,3.5,6.1,26917.7970534309,-1480.4788379387,2082.09160208288,2584.10851712936,very high
GRC,Greece,2019,10731726,-0.21,14.07,21.66,203086,1.5,19.5,4.799,8.5,83.9,78.8,4.5,0.24,3.3,4.6,18923.889782501,283.858346737515,908.157470662222,1608.53063151258,very high
GTM,Guatemala,2005,13096028,2.31,42.26,4.17,27211,3.3,2.5,4.01,6.3,72.94,66.53,36,0.7,37.2,0.822,2077.80557585857,68.5675840033329,83.3200035919288,130.90175127909,low
GTM,Guatemala,2010,14630417,2.17,39.37,4.29,41338,2.9,3.7,2.8,6.1,74.68,68.22,28,0.6,31.3,0.9,2825.48337480743,81.9390178694155,79.113534494608,172.354485863253,medium
GTM,Guatemala,2019,17247807,1.95,34.44,4.81,75620,2.8,2.6,2.8,5.8,76.94,71.12,26,0.4,26.9,0.4,4384.32549714871,122.761113920164,122.761113920164,254.290878834625,medium
GNB,Guinea-Bissau,2005,1344930,2.37,44.07,2.76,587,4.3,6.4,4.3,6.4,54.59,49.86,361,3.8,103.9,0.1,436.453941840839,18.7675194991561,18.7675194991561,27.9330522778137,very low
GNB,Guinea-Bissau,2010,1522599,2.57,43.15,2.71,849,4.6,6.3,1.9,6.3,56.9,52.23,361,3.8,85.2,0.1,557.599210297655,25.6495636736922,10.5943849956555,35.1287502487523,very low
GNB,Guinea-Bissau,2019,1874309,2.49,42.34,2.82,1347,5.9,6,2.1,6.1,59.91,55.96,361,3.5,68.1,0.2,718.66485195344,42.401226265253,15.0919618910222,43.8385559691598,very low
GUY,Guyana,2005,746163,0.06,36.29,4.62,1315,-2,12.4,8.1,3.4,70.1,63.6,107,1.3,35.3,0.5,1762.34951344411,-35.2469902688823,142.750310588973,59.9198834570999,low
GUY,Guyana,2010,749436,0.23,32.22,4.62,2259,4.1,10.9,3.6,4.6,71.54,64.82,119,1.5,32,0.7,3014.26672857989,123.584935871776,108.513602228876,138.656269514675,low
GUY,Guyana,2019,779004,0.49,28.21,6.45,3543,2.2,11.8,6.3,4.2,72.97,66.78,83,1.4,31.7,0.8,4548.11528567247,100.058536284794,286.531262997366,191.020841998244,medium
HKG,Hong Kong,2005,6813200,0.44,14.35,12.25,181569,7.4,5.6,4.1,6.759,84.6,78.8,96,0.271,2.5,2.905,26649.5919685317,1972.06980567134,1092.6332707098,1801.24592115306,very high
HKG,Hong Kong,2010,7024200,0.73,11.93,12.95,228639,6.8,4.3,3.5,6.919,86,80.1,81,0.263,1.9,2.675,32550.1836508072,2213.41248825489,1139.25642777825,2252.14720679935,very high
HKG,Hong Kong,2019,7451000,0.8,11.9,16.88,341659,3.8,2.9,3.3,7.309,87.7,82.3,67,0.28,1.6,3.278,45854.1135418065,1742.45631458865,1513.18574687961,3351.47715877063,very high
HND,Honduras,2005,7458985,2.39,40.6,3.82,9757,6.1,4.9,3.918,7.7,74.34,69.73,56,0.7,28.4,0.4,1308.08682414564,79.7932962728843,51.2508417700263,100.722685459215,low
HND,Honduras,2010,8317470,2.02,37.58,3.98,15839,3.7,4.1,4.528,8.6,75.69,70.94,43,0.5,23.3,1.24,1904.30503506475,70.4592862973957,86.2269319877319,163.770233015568,medium
HND,Honduras,2019,9587522,1.67,31.74,4.69,22979,4.8,4.3,6,8.4,77.38,72.77,37,0.3,18.4,0.3,2396.76112346861,115.044533926493,143.805667408117,201.327934371363,medium
HRV,Croatia,2005,4310145,0.13,15.73,17.25,45347,4.1,12.6,3.8,6.9,78.83,71.83,28,0.1,6.5,3.067,10520.9917531777,431.360661880285,399.797686620752,725.94843096926,high
HRV,Croatia,2010,4295427,-0.23,15.44,17.56,59866,-1.5,11.6,4.2,8.1,79.6,73.5,18,0.1,5.8,2.8,13937.1475757823,-209.057213636735,585.360198182858,1128.90895363837,high
HRV,Croatia,2019,4087843,-0.89,14.51,20.45,55201,2.9,8.4,4.6,7.2,81.4,74.9,8.4,0.1,4.3,3,13503.6986498748,391.607260846368,621.170137894239,972.266302790983,high
HTI,Haiti,2005,9195288,1.62,38.17,4.27,4154,1.8,15,3.464,5.5,60.56,56.75,272,2.4,68.9,0.252,451.753115291223,8.13155607524202,15.648727913688,24.8464213410173,very low
HTI,Haiti,2010,9949322,1.53,36.27,4.48,6708,-5.5,16,3.803,8.1,62.53,58.5,229,2.1,63.8,0.285,674.216795878151,-37.0819237732983,25.6404647472461,54.6115604661303,low
HTI,Haiti,2019,11123176,1.27,33.24,4.95,8521,1.2,13.8,2.4,5.4,65.83,61.5,176,2,61,0.2,766.058183382156,9.19269820058588,18.3853964011718,41.3671419026364,very low
HUN,Hungary,2005,10087065,-0.2,15.52,15.62,113035,4.4,7.2,5.3,8,76.9,68.6,21,0.1,7.4,3.2,11205.9355223744,493.061162984476,593.914582685846,896.474841789956,high
HUN,Hungary,2010,10000023,-0.23,14.86,16.09,130923,0.7,11.2,4.8,7.5,78.1,70.5,18,0.1,5.7,2.9,13092.2698877793,91.6458892144548,628.428954613404,981.920241583444,high
HUN,Hungary,2019,9775564,-0.13,14.41,19.16,139761,4.1,3.4,4.6,7.4,79.3,72.5,6.4,0.1,5,3.2,14296.9756016123,586.175999666106,657.660877674168,1057.97619451931,high
IDN,Indonesia,2005,226289470,1.34,29.88,4.8,304372,5.7,7.7,2.9,2.6,69.11,65.58,360,0.2,37.3,0.1,1345.05595863564,76.6681896422313,39.0066228004334,34.9714549245265,very low
IDN,Indonesia,2010,241834215,1.34,28.83,4.96,755094,6.2,5.6,2.8,3,71.31,67.18,342,0.4,30.4,0.1,3122.3621521049,193.586453430504,87.4261402589373,93.6708645631471,low
IDN,Indonesia,2019,267663435,1.13,26.55,5.86,1015539,5.1,4.4,3.6,3.1,73.75,69.38,316,0.4,25,0.4,3794.08939439188,193.498559113986,136.587218198108,117.616771226148,low
IRL,Ireland,2005,4159914,2.18,20.2,10.51,211644,6,4.3,4.5,7.6,81.3,76.7,12,0.1,5.2,2.327,50877.0133228716,3052.62079937229,2289.46559952922,3866.65301253824,very high
IRL,Ireland,2010,4560155,0.54,20.79,11.01,222134,1.8,13.8,6,10.5,83.1,78.5,9.8,0.2,3.7,2.3,48711.9407125416,876.814932825748,2922.71644275249,5114.75377481687,very high
IRL,Ireland,2019,4867309,1.24,21.41,13.87,331430,7.8,6,3.8,7.4,84.4,80.9,7,0.2,3.4,3.1,68093.0674423999,5311.25926050719,2587.5365628112,5038.88699073759,very high
ISR,Israel,2005,6930100,1.76,27.85,10.02,142411,4.1,11.3,5.8,7.1,82.2,78.2,6.5,0.1,5,2.613,20549.6313184514,842.534884056507,1191.87861647018,1459.02382361005,very high
ISR,Israel,2010,7623600,1.83,27.26,10.45,233733,5.5,8.5,5.5,7.1,83.6,79.7,5.3,0.1,4,3.4,30659.1374153943,1686.25255784669,1686.25255784669,2176.798756493,very high
ISR,Israel,2019,8882800,1.93,27.93,11.98,353268,3.5,3.8,5.9,7.3,84.8,80.9,4,0.2,3.4,3.2,39769.8923762778,1391.94623316972,2346.42365020039,2903.20214346828,very high
IND,India,2005,1147609927,1.58,32.74,4.74,823612,7.9,4.4,3.2,3.8,65.36,63.69,279,1.207,60,0.6,717.67591114607,56.6963969805395,22.9656291566742,27.2716846235507,very low
IND,India,2010,1234281170,1.35,30.81,5.08,1669620,8.5,3.5,3.4,3.3,67.73,65.72,247,0.998999999999999,49.5,0.7,1352.70636916546,114.980041379064,45.9920165516258,44.6393101824603,very low
IND,India,2019,1352617328,1.04,27.05,6.18,2575667,6.7,3.5,3.8,3.6,70.69,68.24,199,0.547,39.1,0.8,1904.20967311458,127.582048098677,72.3599675783541,68.551548232125,low
IRQ,Iraq,2005,26922284,2.29,42.02,3.38,36268,4.4,8.6,4.409,2.9,71.11,65.62,48,0.923999999999999,34.5,0.568,1347.13681796091,59.2740199902802,59.3952623038967,39.0669677208665,very low
IRQ,Iraq,2010,29741976,2.62,41.81,3.36,117138,5.5,8.3,4.549,3.2,71.44,65.86,45,0.477000000000001,31.7,0.6,3938.47402741499,216.616071507825,179.161183507108,126.03116887728,low
IRQ,Iraq,2019,38433600,2.32,38.39,3.32,182024,1,8.3,4.311,3.3,72.49,68.43,42,0.433000000000001,28.5,0.8,4736.06427709088,47.3606427709088,204.171730985388,156.290121143999,low
IRN,Iran (Islamic Republic of),2005,69762347,1.17,26.89,4.76,226452,3.2,12.1,4.1,5.3,73.5,70.44,17,0.1,24.8,0.9,3246.04904705973,103.873569505911,133.088010929449,172.040599494166,medium
IRN,Iran (Islamic Republic of),2010,73762519,1.14,24.04,5.15,491099,5.8,13.5,3.7,6.8,75.43,72.48,18,0.1,19.1,0.5,6657.83932894157,386.154681078611,246.340055170838,452.733074368027,high
IRN,Iran (Islamic Republic of),2019,81800269,1.39,24.48,6.18,460976,3.8,12.2,3.8,8.1,77.67,75.41,14,0.1,15.2,1.1,5635.38489097145,214.144625856915,214.144625856915,456.466176168687,high
ISL,Iceland,2005,296734,1.58,22.18,11.81,16813,6.3,2.6,7.4,9.2,83.5,79.6,3.9,0.1,2.5,3.6,56660.1737583155,3569.59094677388,4192.85285811535,5212.73598576503,very high
ISL,Iceland,2010,318041,-0.14,20.8,12.01,13684,-3.4,7.6,7.2,8.8,84.1,79.8,7.9,0.1,2,3.6,43025.8991765213,-1462.88057200172,3097.86474070953,3786.27912753387,very high
ISL,Iceland,2019,352721,2.68,19.83,14.8,24477,4,2.9,7.7,8.3,84.3,81.1,2.7,0.1,1.6,4,69394.7907836505,2775.79163134602,5343.39889034109,5759.76763504299,very high
ITA,Italy,2005,57969484,0.49,14.17,19.66,1852616,0.9,7.7,4.2,8.4,83.6,78.1,7.6,0.2,4.1,3.499,31958.4697355595,287.626227620035,1342.2557288935,2684.511457787,very high
ITA,Italy,2010,59277417,0.31,14.08,20.43,2125058,1.7,8.4,4.4,9,84.7,79.5,8.8,0.3,3.4,3.744,35849.3690776034,609.439274319257,1577.37223941455,3226.4432169843,very high
ITA,Italy,2019,60421760,-0.19,13.33,22.75,1943835,1.6,10.4,4.1,8.9,85.2,80.8,7,0.3,3,4.1,32171.1085542692,514.737736868307,1319.01545072504,2863.22866132996,very high
JAM,Jamaica,2005,2740003,0.55,30.13,7.93,11244,0.9,10.9,4.6,4.6,75.47,72.85,4.1,2.3,18,0.8,4103.64514199437,36.9328062779493,188.767676531741,188.767676531741,medium
JAM,Jamaica,2010,2810460,0.52,27.01,8.24,13219,-1.5,12.4,6.4,5,75.54,72.58,5.8,2.1,16.7,0.4,4703.50049458096,-70.5525074187144,301.024031653181,235.175024729048,medium
JAM,Jamaica,2019,2934855,0.48,23.75,8.8,14827,1,11.9,5.3,6.1,75.99,72.79,2.9,1.9,14.9,1.3,5052.03834601709,50.5203834601709,267.758032338906,308.174339107043,medium
JOR,Jordan,2005,5765635,3.27,38.24,3.35,12720,8.1,14.8,5,8.9,74.2,71.16,8,0.1,22.4,2.3,2206.17503536037,178.70017786419,110.308751768019,196.349578147073,medium
JOR,Jordan,2010,7261539,5.2,37.48,3.63,26520,2.7,12.5,4.913,8.4,75.1,71.89,5.8,0.1,19.7,2.3,3652.11837325393,98.6071960778562,179.428575677966,306.777943353331,medium
JOR,Jordan,2019,9956011,1.79,34.25,3.85,40708,2.1,14.5,3.6,5.5,76.18,72.73,5,0.1,17.1,2.3,4088.78616144558,85.8645093903572,147.196301812041,224.883238879507,medium
JPN,Japan,2005,127773000,0.01,13.83,19.65,4755410,1.7,4.4,4.652,7.8,85.49,78.53,24,0.1,3,2.1,37217.6437901591,632.699944432705,1731.3647891182,2902.97621563241,very high
JPN,Japan,2010,128070000,0.02,13.35,22.5,5700098,4.2,5.1,4.647,9.2,86.3,79.55,20,0.1,2.6,2.2,44507.6754899664,1869.32237057859,2068.27168001874,4094.70614507691,very high
JPN,Japan,2019,126529100,-0.2,12.7,27.58,4872415,1.7,2.4,3.5,10.9,87.32,81.25,14,0.1,2.2,2.4,38508.2562035137,654.640355459732,1347.78896712298,4197.39992618299,very high
KEN,Kenya,2005,36624895,2.74,44.03,2.08,21506,5.9,10.5,7.3,5.3,56.67,52.82,630,7.3,62.8,0.1,587.196222678591,34.6445771380368,42.8653242555371,31.1213998019653,very low
KEN,Kenya,2010,42030676,2.72,43.44,1.93,40000,8.4,12.1,5.5,6.1,62.94,58.93,531,6,51.1,0.2,951.685859156774,79.941612169169,52.3427222536226,58.0528374085632,low
KEN,Kenya,2019,51393010,2.31,39.78,2.34,74938,4.9,11.4,5.2,4.5,68.68,63.96,292,4.7,41.6,0.2,1458.13603834451,71.4486658788812,75.8230739939147,65.6161217255031,low
KGZ,Kyrgyzstan,2005,5162600,1.13,30.96,5.64,2460,-0.2,8.1,4.9,7.5,71.9,64.2,143,0.1,37.8,1.529,476.504087087901,-0.953008174175803,23.3487002673072,35.7378065315926,very low
KGZ,Kyrgyzstan,2010,5447900,1.19,29.9,4.52,4794,-0.5,8.6,5.8,7,73.5,65.3,120,0.1,30.2,1.9,879.972099341031,-4.39986049670515,51.0383817617798,61.5980469538721,low
KGZ,Kyrgyzstan,2019,6322800,1.99,32.35,4.49,7565,4.6,7.4,7.2,6.6,75.6,67.4,116,0.2,19.5,1.9,1196.46359207946,55.0373252356551,86.145378629721,78.9665970772443,low
KHM,Cambodia,2005,13273354,1.57,37.07,3.39,6293,13.2,2,1.7,6.9,65.31,60.74,511,1,65.8,0.2,474.107750008024,62.5822230010591,8.0598317501364,32.7134347505536,very low
KHM,Cambodia,2010,14312212,1.54,33.33,3.73,11242,6,0.4,1.5,6.9,68.64,64.31,438,0.8,44.8,0.2,785.483054610985,47.1289832766591,11.7822458191648,54.198330768158,low
KHM,Cambodia,2019,16249798,1.49,31.2,4.57,22121,7,0.2,1.9,6.1,71.63,67.31,302,0.5,30,0.2,1361.3092298132,95.2916460869237,25.8648753664507,83.0398630186049,low
KIR,Kiribati,2005,92325,2,36.92,3.54,112,5,14.7,12,11.5,67.7,61.25,449,6.335,52.3,0.592,1213.10587598159,60.6552937990794,145.57270511779,139.507175737882,low
KIR,Kiribati,2010,102927,1.96,36.1,3.57,156,-0.9,30.6,9.002,9.2,69.65,61.94,347,13.593,51.4,0.4,1515.63729633624,-13.6407356670261,136.437669416188,139.438631262934,low
KIR,Kiribati,2019,115847,1.47,35.54,3.95,197,3.1,12.797,9.044,11.9,72.11,64,349,5.012,47.9,0.2,1700.51878771138,52.7160824190527,153.794919160617,202.361735737654,medium
COM,Comoros (the),2005,611627,2.38,42.27,3,787,2.8,4.5,3.9,9.9,61.76,58.54,36,0.1,72.5,0.2,1286.73194610441,36.0284944909234,50.1825458980719,127.386462664336,low
COM,Comoros (the),2010,689692,2.41,41.04,2.95,907,4.8,4.4,7.7,8.5,63.5,60.27,33,0.1,66.6,0.2,1315.07977474003,63.1238291875214,101.261142654982,111.781780852902,low
COM,Comoros (the),2019,832322,2.24,39.54,3.01,1082,3.4,4.3,4.3,7.6,65.9,62.4,35,0.1,58.1,0.2,1299.97765287953,44.1992401979042,55.89903907382,98.7983016188446,low
KNA,Saint Kitts and Nevis,2005,46857,1.14,29.0008,5.8534,543,8.8,5.1,3.9,4.8,74.5154,69.4711,0,1.329,19.731,1.1,11588.4499647865,1019.78359690121,451.949548626673,556.245598309751,high
PRK,Korea (the Democratic People's Republic of),2005,23904167,0.72,24.72,7.41,13031,3.8,4.5,4.296,5.07,71.71,64.65,513,1.313,28.5,3.2,545.135080423426,20.7151330560902,23.4190030549904,27.6383485774677,very low
PRK,Korea (the Democratic People's Republic of),2010,24548836,0.49,22.64,8.76,13945,-0.5,4.6,4.818,5.253,72.86,65.96,513,1.893,27.3,3.3,568.051373189344,-2.84025686594672,27.3687151602626,29.8397386336362,very low
PRK,Korea (the Democratic People's Republic of),2019,25549819,0.47,20.2,9.33,17365,-3.5,4.7,4.845,5.854,75.55,68.44,513,1.9,18.5,3.7,679.652564270612,-23.7878397494714,32.9291667389111,39.7868611124016,very low
KOR,Korea (the Republic of),2005,48184561,0.21,18.83,8.86,898137,3.9,3.7,3.9,4.9,81.6,74.9,94,0.406,5,1.8,18639.5181643348,726.941208409059,726.941208409059,913.336390052407,high
KOR,Korea (the Republic of),2010,49554112,0.5,16.1,10.69,1094499,6.5,3.7,4.7,6.2,83.6,76.8,95,0.373,3.5,2,22086.9460843128,1435.65149548033,1038.0864659627,1369.3906572274,very high
KOR,Korea (the Republic of),2019,51606633,0.48,12.97,14.42,1530751,3.1,3.6,5.3,7.3,85.7,79.7,66,0.317,3,2.4,29661.9041199607,919.519027718782,1572.08091835792,2165.31900075713,very high
KWT,Kuwait,2005,2270198,3.12,25.97,2.16,80798,10.6,2,4.7,2.4,74.66,72.81,26,0.1,10.4,1.668,35590.7282096099,3772.61719021865,1672.76422585167,854.177477030638,high
KWT,Kuwait,2010,2991884,5.88,23.22,2,115416,-2.4,1.8,3.8,2.8,75.42,73.63,37,0.1,9.7,2.4,38576.3619177749,-925.832686026597,1465.90175287545,1080.1381336977,high
KWT,Kuwait,2019,4137309,1.98,21.54,2.55,119534,-3.5,2,4.124,3.9,76.47,74.67,23,0.1,8.2,2.6,28891.7264821168,-1011.21042687409,1191.4948001225,1126.77733280255,high
KAZ,Kazakhstan,2005,15147029,0.89,24.48,7.69,57124,9.7,8.1,2.3,3.9,71.8,60.3,187,0.1,32,1.855,3771.30062931813,365.816161043859,86.739914474317,147.080724543407,low
KAZ,Kazakhstan,2010,16321872,1.41,24.05,6.81,148047,7.3,5.8,3.1,2.7,73.32,63.51,145,0.1,23.9,3.5,9070.46691703011,662.144084943198,281.184474427933,244.902606759813,medium
KAZ,Kazakhstan,2019,18272430,1.29,28.46,7.39,159407,4,5.2,2.9,3.5,77.19,68.84,68,0.2,14.1,3.3,8723.90809542026,348.95632381681,252.993334767188,305.336783339709,medium
LAO,Lao People's Democratic Republic (the),2005,5751676,1.57,40.31,3.66,2946,6.8,1.4,2.4,3.3,63.46,59.78,270,0.2,70,0.3,512.198531349819,34.8295001317877,12.2927647523957,16.902551534544,very low
LAO,Lao People's Democratic Republic (the),2010,6249165,1.62,36.43,3.68,7313,8.1,0.7,1.7,2.9,66.11,62.48,221,0.3,57.5,0.8,1170.2363435755,94.7891438296157,19.8940178407835,33.9368539636896,very low
LAO,Lao People's Democratic Republic (the),2019,7061507,1.55,32.6,4.08,16853,6.9,0.7,2.9,2.4,69.42,65.84,162,0.3,47,0.5,2386.60104705695,164.67547224693,69.2114303646516,57.2784251293669,low
LBN,Lebanon,2005,4698763,2.79,30.35,5.94,21490,2.7,8.1,2.7,7.6,78.72,75.08,9.6,0.1,13.8,3.4,4573.54414342668,123.48569187252,123.48569187252,347.589354900428,medium
LBN,Lebanon,2010,4953061,2.87,25.82,6.36,38420,8,6.4,1.6,7.4,80.33,76.6,12,0.1,10.6,2.7,7756.81946981876,620.545557585501,124.1091115171,574.004640766589,high
LBN,Lebanon,2019,6848925,0.54,26.1,7,53394,0.6,6.7,2.5,8,80.82,77.08,11,0.1,9.6,2.3,7795.96798037648,46.7758078822589,194.899199509412,623.677438430119,high
LCA,Saint Lucia,2005,163417,0.98,27.76,7.18,935,-1.7,18.7,5.1,5.4,75.67,72.62,9.9,2.755,15.7,0.5,5721.55895653451,-97.2665022610867,291.79950678326,308.964183652864,medium
LCA,Saint Lucia,2010,174085,1.08,23.22,8.51,1382,0.2,20.6,3.9,5.7,76.31,73.46,5.9,3.563,16.3,0.1,7938.65065916075,15.8773013183215,309.607375707269,452.503087572163,high
LCA,Saint Lucia,2019,181889,0.51,18.53,9.81,1718,3,19.8,5.7,5.3,77.43,74.72,3.2,1.098,16,1.508,9445.32104745202,283.359631423561,538.383299704765,500.602015514957,high
LKA,Sri Lanka,2005,19544988,0.81,25.58,6.84,27932,6.2,7.7,3.648,4,78.36,71.25,66,0.1,11.8,0.5,1429.11318236675,88.6050173067387,52.1340488927392,57.1645272946701,low
LKA,Sri Lanka,2010,20261737,0.68,25.38,7.43,56726,8,4.9,1.7,3.9,78.93,72,66,0.1,10.2,0.7,2799.66125312948,223.972900250359,47.5942413032012,109.18678887205,low
LKA,Sri Lanka,2019,21670000,1.05,24.2,10.47,87357,3.3,4.2,2.8,3.9,80.12,73.42,64,0.1,8.8,1,4031.241347485,133.030964467005,112.87475772958,157.218412551915,low
LBR,Liberia,2005,3218116,2.6,42.87,3.39,706,5.3,5.6,4.3,8.8,56.78,54.02,267,2.1,100.3,0,219.38301788997,11.6272999481684,9.43346976926873,19.3057055743174,very low
LBR,Liberia,2010,3891356,3.59,43.03,3.34,1292,7.3,2.3,3.2,8.8,61.26,57.98,293,1.7,72.9,0,332.017939247913,24.2373095650976,10.6245740559332,29.2175786538163,very low
LBR,Liberia,2019,4818977,2.45,41.12,3.25,2763,2.5,2.4,3.8,9.6,65.11,62.35,308,1.3,60.1,0,573.358204448787,14.3339551112197,21.7876117690539,55.0423876270835,low
LSO,Lesotho,2005,1996114,-0.49,37.16,4.42,1560,2.7,37.2,12.1,5.1,45.1,40.57,1280,23.8,79,0,781.518490426899,21.1009992415263,94.5637373416548,39.8574430117719,very low
LSO,Lesotho,2010,1995581,0.27,34.89,4.68,2386,6.1,25.9,11.4,7.7,48.07,42.41,1120,24.1,74.9,0.1,1195.6417704919,72.934148000006,136.303161836077,92.0644163278764,low
LSO,Lesotho,2019,2108132,0.8,32.72,4.9,2632,-1.6,28.2,6.4,8.1,56.95,50.58,611,23.6,65.4,0.465,1248.49867086122,-19.9759787337795,79.9039149351179,101.128392339759,low
LTU,Lithuania,2005,3322528,-1.63,16.77,15.99,26141,7.7,8.3,4.9,5.6,77.4,65.4,73,0.333,7.7,3.516,7867.80427433569,605.820929123848,385.522409442449,440.597039362798,high
LTU,Lithuania,2010,3097282,-2.1,14.77,17.27,37130,1.6,17.8,5.3,6.8,78.8,68,64,0.523,6,3.9,11987.9300625516,191.806881000826,635.360293315236,815.17924425351,high
LTU,Lithuania,2019,2801543,-0.95,14.88,19.71,47544,4.1,6.8,4.2,6.7,80.9,71.9,44,0.365,4.4,4.3,16970.6479607845,695.796566392163,712.767214352948,1137.03341337256,high
LUX,Luxembourg,2005,465158,1.53,18.62,14.42,37346,3.2,4.5,3.6,7.2,82.3,76.7,9.3,0.2,5,2.676,80286.698283164,2569.17434506125,2890.3211381939,5780.64227638781,very high
LUX,Luxembourg,2010,506953,1.83,17.64,13.99,53212,4.9,4.4,5.623,7,83.5,77.9,6.6,0.2,2.3,2.8,104964.3655329,5143.25391111208,5902.14627391494,7347.50558730297,very high
LUX,Luxembourg,2019,607950,1.93,15.88,14.18,62316,1.5,5.2,3.9,6.2,84.4,79.9,8,0.3,3.4,3,102501.850481125,1537.52775721688,3997.57216876388,6355.11472982976,very high
LVA,Latvia,2005,2238799,-1.08,14.68,16.86,16922,10.7,10,4.9,5.9,77.4,65.6,72,0.3,9.9,3.6,7558.51686551584,808.761304610195,370.367326410276,445.952495065435,high
LVA,Latvia,2010,2097555,-2.08,14.09,18.18,23765,-3.9,19.5,5.1,6.1,78.4,68.8,50,0.3,7.8,3.1,11329.857858316,-441.864456474324,577.822750774115,691.121329357275,high
LVA,Latvia,2019,1927174,-0.78,16,20.04,30463,4.6,8.5,5.3,6.2,79.8,69.8,29,0.4,5.2,3.2,15807.0833251175,727.125832955405,837.775416231228,980.039166157285,high
LBY,Libya,2005,5798614,1.54,30.17,3.99,45451,10.3,20,3.797,2.6,74.12,69.99,40,0.1,21.5,1.2,7838.25238237965,807.339995385104,297.618442958955,203.794561941871,medium
LBY,Libya,2010,6197663,1.03,28.75,4.17,80942,4.3,18.6,4.298,3.6,74.95,69.47,40,0.2,17.6,2,13060.084099442,561.583616276006,561.322414594017,470.163027579912,high
LBY,Libya,2019,6678567,1.48,28.32,4.39,25127,4,15,4.052,6.1,75.79,69.9,40,0.2,13,2.2,3762.33404561188,150.493361824475,152.449775528193,229.502376782325,medium
MAR,Morocco,2005,30455561,1.12,30.75,5.76,62545,3,11,4.112,4.8,73.09,70.34,99,0.1,36.6,0.5,2053.64793641463,61.609438092439,84.4460031453698,98.5751009479024,low
MAR,Morocco,2010,32343389,1.29,28.51,6.14,93217,4,9.1,5.3,5.9,75.66,73.05,101,0.1,26.6,0.6,2882.10366575995,115.284146630398,152.751494285277,170.044116279837,medium
MAR,Morocco,2019,36029138,1.25,27.21,7.01,109709,5.6,9.3,4.606,5.8,77.67,75.19,99,0.1,24.2,0.7,3045.00762688244,170.520427105417,140.253051294205,176.610442359182,medium
MDA,Moldova (the Republic of),2005,2888111,0.2202,18.52,9.93,2988,7.5,7.3,7.2,9.6,71.68,63.92,142,0.4,18.8,2.751,1034.58627455801,77.5939705918505,74.4902117681765,99.3202823575687,low
MDA,Moldova (the Republic of),2010,2861487,0.0122,16.52,10.15,5812,7.1,7.4,9.1,12.2,73.64,65.58,116,0.5,15.6,2.4,2031.11179606967,144.208937520946,184.83117344234,247.795639120499,medium
MDA,Moldova (the Republic of),2019,2706049,-0.0697,15.86,11.47,8128,4.5,4.3,6.7,9,76.07,67.53,86,0.6,14.2,3.2,3003.64110184258,135.163849582916,201.243953823453,270.327699165832,medium
MNE,Montenegro,2005,614261,0.15,20.18,13.06,2279,4.2,30.3,4.826,7.549,76.17,71.11,29,0.1,11.6,2.548,3710.14926879616,155.826269289439,179.051803712103,280.079168301423,medium
MNE,Montenegro,2010,619428,0.18,19.24,12.97,4139,2.7,19.7,4.992,6.946,77.47,72.79,20,0.1,10.9,2,6681.97110882944,180.413219938395,333.563997752766,464.129713219293,high
MNE,Montenegro,2019,622227,-0.02,18.21,14.97,4845,4.7,16.2,4.849,7.639,79.2,74.32,15,0.1,4.3,2.3,7786.54735329711,365.967725604964,377.569681161377,594.814352318366,high
MDG,Madagascar,2005,18336724,2.95,44.71,2.91,5942,4.6,2.3,3.8,5.5,62.54,59.9,262,0.2,58,0.2,324.049159489994,14.9062613365397,12.3138680606198,17.8227037719497,very low
MDG,Madagascar,2010,21151640,2.79,43.52,2.83,10250,0.7,3.8,3.2,5.3,64.86,61.93,241,0.2,45.5,0.2,484.595993502159,3.39217195451511,15.5070717920691,25.6835876556144,very low
MDG,Madagascar,2019,26262368,2.67,40.67,2.99,13208,1.2,1.8,2.8,6,68.3,65.08,233,0.3,36.8,0.2,502.924945686543,6.03509934823851,14.0818984792232,30.1754967411926,very low
MKD,Republic of North Macedonia,2005,2060273,0.16,20.21,11,6259,4.7,37.2,3.3,7.7,76.38,71.68,36,0.1,12.9,2.771,3037.94691286058,142.783504904447,100.252248124399,233.921912290264,medium
MKD,Republic of North Macedonia,2010,2070741,0.08,17.91,11.6,9407,3.4,32,4.544,6.7,76.71,72.66,23,0.1,10.8,2.7,4542.81824718784,154.455820404387,206.425661152216,304.368822561585,medium
MKD,Republic of North Macedonia,2019,2082958,0.05,16.52,13.67,11280,0.2,22,4.559,6.3,77.74,73.68,13,0.1,8.9,2.9,5415.37563407423,10.8307512681485,246.886975157444,341.168664946677,medium
MLI,Mali,2005,12775516,3.23,46.87,2.93,6245,10.4,9.5,3.5,5,52.68,51.43,69,1.5,106.5,0.1,488.825656826699,50.8378683099767,17.1088979889345,24.4412828413349,very low
MLI,Mali,2010,15049353,3.16,47.49,2.74,10679,10.9,8.1,3.3,4.4,55.87,54.62,63,1.4,89.1,0.1,709.598611980196,77.3462487058414,23.4167541953465,31.2223389271286,very low
MLI,Mali,2019,19077690,3.01,47.54,2.51,15236,6.9,8.1,3.1,3.8,59.65,58.14,53,1.4,78.5,0.1,798.629184141267,55.1054137057474,24.7575047083793,30.3479089973681,very low
MMR,Myanmar,2005,48949924,0.79,31.18,4.63,11931,13.6,0.8,3.139,2,64.79,58.43,545,0.8,57.8,0.4,243.73888711247,33.148488647296,7.65096366646044,4.87477774224941,very low
MMR,Myanmar,2010,50600818,0.69,30.05,4.81,41445,10.2,0.8,3.201,1.9,66.93,60.1,500,0.8,52,0.5,819.057905348487,83.5439063455456,26.218043550205,15.5621002016212,very low
MMR,Myanmar,2019,53708395,0.61,26.37,5.78,67102,6.8,0.8,2.2,5.1,69.87,63.76,338,0.8,43.7,0.9,1249.37637775249,84.9575936871694,27.4862803105548,63.718195265377,low
MNG,Mongolia,2005,2526424,1.2,28.93,3.72,2926,7.3,3.3,4.3,3.2,69.08,61.5,428,0.1,40.8,2.8,1158.15872553459,84.545586964025,49.8008251979873,37.0610792171069,very low
MNG,Mongolia,2010,2719896,1.71,27.02,3.8,7189,6.4,6.6,4.6,3.4,71.6,63.49,428,0.1,30.5,2.8,2643.11576619106,169.159409036228,121.583325244789,89.8659360504961,low
MNG,Mongolia,2019,3170208,1.8,30.41,4.08,11135,5.1,6.2,4.1,3.8,73.96,65.63,428,0.1,22.8,2.9,3512.38783070385,179.131779365897,144.007901058858,133.470737566746,low
MAC,Macao,2005,482858,2.36,17.02,7.1,12092,8.1,4.2,2.3,4.674,84.25,78.65,95,0.808,4.9,1.813,25042.5590960489,2028.44728677996,575.978859209126,1170.48921214933,high
MAC,Macao,2010,538219,2.22,12.97,6.8,28124,25.3,2.8,2.6,4.748,85.57,79.72,84,0.813,3.8,1.969,52253.822328829,13220.2170491937,1358.59938054955,2481.0114841728,very high
MAC,Macao,2019,631636,1.44,13.65,10.48,50361,9.1,2,3.1,5.964,87.05,81.15,60,0.442,3.1,2.609,79731.0476286975,7255.52533421148,2471.66247648962,4755.15968057552,very high
MRT,Mauritania,2005,3024194,2.85,42.23,3.2,2184,9,10.6,2.5,4.5,63.17,59.48,181,0.5,69.2,0.1,722.175892155067,64.995830293956,18.0543973038767,32.497915146978,very low
MRT,Mauritania,2010,3494195,2.93,41.25,3.15,4338,4.8,10.2,3.6,3.3,64.29,60.71,135,0.4,65.6,0.2,1241.48766740265,59.5914080353272,44.6935560264954,40.9690930242874,very low
MRT,Mauritania,2019,4403319,2.78,40.08,3.14,4992,3.5,9.9,2.6,4.2,66.29,63.08,93,0.2,58.9,0.2,1133.69029134614,39.679160197115,29.4759475749997,47.6149922365379,very low
MLT,Malta,2005,403834,0.64,17.43,13.69,6393,3.8,6.9,4.5,8.7,81.4,77.3,6.3,0.515000000000001,5.7,2.253,15830.7621448417,601.568961503984,712.384296517876,1377.27630660123,very high
MLT,Malta,2010,414508,0.49,14.99,15.69,8741,3.5,6.8,6.5,8.2,83.6,79.3,8.1,0.455,5.6,3.1,21087.650901792,738.06778156272,1370.69730861648,1729.18737394694,very high
MLT,Malta,2019,484630,3.49,14.28,20.35,12553,6.7,3.8,5.3,9.3,84.6,80.2,14,0.434,5.5,3.8,25902.2346945092,1735.44972453212,1372.81843880899,2408.90782658936,very high
MUS,Mauritius,2005,1228254,0.59,24.73,6.59,6775,1.8,9.6,4.2,3.7,75.91,69.12,13,1,13.3,1.1,5515.96005386508,99.2872809695715,231.670322262333,204.090521993008,medium
MUS,Mauritius,2010,1250400,0.24,21.94,7.63,10004,4.4,7.7,3.6,4.7,76.65,69.46,12,1.3,13.2,1.2,8000.63979526552,352.028150991683,288.023032629559,376.030070377479,medium
MUS,Mauritius,2019,1265303,0.05,17.79,11.47,13366,3.9,7,5,5.7,77.72,71.27,13,1.3,12,2,10563.4776808401,411.975629552763,528.173884042004,602.118227807885,high
MDV,Maldives,2005,319608,2.65,31.47,4.43,1163,-13.1,3.8,5,8.8,74.89,72.57,48,0.935000000000001,26.6,1,3638.83256989813,-476.687066656654,181.941628494906,320.217266151035,medium
MDV,Maldives,2010,365734,3.43,25.29,4.56,2588,7.3,4.6,4.1,8.5,77.38,74.71,32,0.802,14.8,1.4,7076.18104961529,516.561216621916,290.123423034227,601.4753892173,high
MDV,Maldives,2019,515696,3.81,20.15,3.7,4866,6.9,4.9,4.3,10.6,80.5,77.23,33,0.627,9,1,9435.79162917688,651.069622413205,405.739040054606,1000.19391269275,high
MWI,Malawi,2005,12625952,2.6,46.38,2.87,3656,3.3,7.8,3.2,6.1,50.38,45.5,398,12.2,86.9,0,289.562323696463,9.55555668198327,9.26599435828681,17.6633017454842,very low
MWI,Malawi,2010,14539612,2.87,46.35,2.66,6868,5.5,6.7,3.5,7.2,58.4,52.81,310,10.6,68.4,0,472.364737105777,25.9800605408177,16.5327657987022,34.0102610716159,very low
MWI,Malawi,2019,18143315,2.64,43.9,2.65,6339,5.1,6,4,9.8,66.94,60.65,181,9.2,52.6,0,349.384883633448,17.8186290653059,13.9753953453379,34.2397185960779,very low
MEX,Mexico,2005,106005203,1.42,31.84,5.62,877477,2.3,3.6,4.8,5.8,78,72.58,22,0.2,20.1,1.9,8277.67859658738,190.38660772151,397.328572636194,480.105358602068,high
MEX,Mexico,2010,114092963,1.44,29.51,6.14,1057801,5.1,5.3,5.2,5.8,77.98,72.14,22,0.2,17.1,2.2,9271.39564251653,472.841177768343,482.11257341086,537.740947265959,high
MEX,Mexico,2019,126190788,1.13,26.56,7.22,1158229,2.1,3.3,5.2,5.5,77.84,72.12,23,0.2,15.2,2.2,9178.39581126952,192.74631203666,477.276582186015,504.811769619824,high
MYS,Malaysia,2005,25690611,1.97,30.45,4.42,143534,5.3,3.5,5.9,2.8,75.82,71.5,69,0.4,7.6,0.7,5587.02165549897,296.112147741445,329.634277674439,156.436606353971,low
MYS,Malaysia,2010,28208035,1.69,27.96,4.94,255018,7.4,3.2,5,3.2,76.73,72.5,75,0.4,7,1.2,9040.6155551069,669.005551077911,452.030777755345,289.299697763421,medium
MYS,Malaysia,2019,31528585,1.35,24,6.67,314707,5.9,3.3,4.7,3.8,78.17,74.08,92,0.4,6.4,1.5,9981.64047006867,588.916787734051,469.137102093227,379.302337862609,medium
MOZ,Mozambique,2005,20493925,2.89,45.2,3.17,7724,8.7,21.7,4.4,6.4,52.48,48.21,523,11.1,98.8,0,376.892176584037,32.7896193628112,16.5832557696976,24.1210993013783,very low
MOZ,Mozambique,2010,23531574,2.74,45.73,3.01,10154,6.7,22.2,4.3,5.1,54.69,49.82,545,12,78.7,0,431.505346816154,28.9108582366823,18.5547299130946,22.0067726876239,very low
MOZ,Mozambique,2019,29495962,2.91,44.67,2.89,12652,3.7,24.8,6.5,5.1,62.97,57.11,551,12.6,62.8,0.1,428.940069830575,15.8707825837313,27.8811045389874,21.8759435613593,very low
NAM,Namibia,2005,1938320,1.59,39.44,3.76,7121,2.5,22.2,6.1,12.4,52.41,49.33,1250,13.8,51.1,0.3,3673.79999174543,91.8449997936357,224.101799496471,455.551198976433,high
NAM,Namibia,2010,2118874,1.8,37.41,4.12,11282,6,22.1,8.3,9.5,58.6,54.59,892,13.4,43.5,0.4,5324.5261398271,319.471568389626,441.935669605649,505.829983283574,high
NAM,Namibia,2019,2448255,1.88,36.91,3.64,13245,-0.8,23.2,3.1,9.1,66.18,60.36,524,11.8,38.6,0.559999999999999,5409.9756765533,-43.2798054124264,167.709245973152,492.30778656635,high
NCL,New Caledonia,2005,232250,1.52,27.93,6.1,6236,3.6,15.8,4.725,5.694,79,72.6,23,1.345,17.3,1.262,26850.3767491927,966.613562970937,1268.68030139935,1528.86045209903,very high
NCL,New Caledonia,2010,249750,1.53,25.83,7.11,9355,6.9,14.2,4.393,6.359,80.2,74.46,22,1.194,15.1,1.403,37457.4574574575,2584.56456456456,1645.50610610611,2381.91971971972,very high
NCL,New Caledonia,2019,284060,1.31,22.74,9.17,9894,2.7,14.8,4.975,6.283,79.3,75.1,15,1.249,13,1.666,34830.66957685,940.428078574949,1732.82581144829,2188.41096951348,very high
NER,Niger (the),2005,13624467,3.73,49.19,2.44,3369,7.4,3.1,2.4,7.5,54.21,52.64,143,0.6,85.2,0,247.275728290875,18.2984038935248,5.93461747898101,18.5456796218157,very low
NER,Niger (the),2010,16464025,3.84,50.04,2.5,5719,8.4,0.9,3.7,6.5,58.35,56.36,113,0.4,67.6,0,347.363418119202,29.178527122013,12.8524464704105,22.5786221777482,very low
NER,Niger (the),2019,22442948,3.82,49.98,2.6,8120,4.9,0.4,3.5,6.2,63.21,60.9,87,0.3,55.9,0,361.806301026051,17.7285087502765,12.6632205359118,22.4319906636151,very low
NGA,Nigeria,2005,138865016,2.59,43.67,2.74,180502,6.5,4.3,2.853,3.8,49.03,47.5,219,1.7,104,0.3,1299.83782236413,84.4894584536684,37.0843730720486,49.3938372498369,very low
NGA,Nigeria,2010,158503197,2.67,44.04,2.74,369062,7.8,3.9,2.847,3.3,51.66,50.16,219,1.6,89.3,0.2,2328.41991193402,181.616753130853,66.2901148927615,76.8378570938225,low
NGA,Nigeria,2019,195874740,2.59,43.87,2.75,375770,0.8,7,3.107,3.6,55.24,53.45,219,1.5,75,0.4,1918.41990447569,15.3473592358055,59.6053064320596,69.0631165611247,low
NIC,Nicaragua,2005,5438690,1.37,36.22,4.16,6300,4.3,5.4,2.4,5.5,74.27,68.08,44,0.2,26.4,0.5,1158.36718033203,49.8097887542772,27.8008123279687,63.7101949182616,low
NIC,Nicaragua,2010,5824065,1.36,33.32,4.53,8759,4.4,7.8,4.5,6.5,75.63,69.18,53,0.2,23.1,0.7,1503.93239086446,66.1730251980361,67.6769575889005,97.7556054061897,low
NIC,Nicaragua,2019,6465513,1.26,30.2,5.25,13814,4.9,4.5,4.3,8.7,77.77,70.74,41,0.2,17.8,1,2136.56673492111,104.691770011134,91.8723696016078,185.881305938137,medium
NLD,Netherlands (the),2005,16319868,0.23,18.32,14.13,685076,2.2,4.7,5.2,9.3,81.6,77.2,7.9,0.2,4.9,2.756,41978.0356066605,923.516783346532,2182.85785154635,3903.95731141943,very high
NLD,Netherlands (the),2010,16615394,0.51,17.52,15.44,846555,1.4,4.4,5.6,10.4,82.7,78.8,7.1,0.2,4.1,3,50950.0406671067,713.300569339493,2853.20227735797,5298.80422937909,very high
NLD,Netherlands (the),2019,17231624,0.58,16.11,19.2,830573,3.2,3.4,5.4,10.4,83.4,80.2,5.3,0.143,3.5,3.5,48200.5062320301,1542.41619942496,2602.82733652963,5012.85264813113,very high
NOR,Norway,2005,4623291,0.68,19.61,14.82,308722,2.6,4.4,6.9,8.3,82.5,77.7,6.9,0.1,3.5,3.192,66775.3771069137,1736.15980477976,4607.50102037704,5542.35629987384,very high
NOR,Norway,2010,4889252,1.25,18.81,14.89,429131,0.7,3.5,6.7,8.9,83.2,78.9,6.9,0.1,3,4.1,87770.2765167351,614.391935617146,5880.60852662125,7811.55460998942,very high
NOR,Norway,2019,5311916,0.66,17.55,17.05,399470,2,3.8,7.6,10.5,84.4,81.3,4.1,0.1,2.4,4.6,75202.6199209475,1504.05239841895,5715.39911399201,7896.27509169949,very high
NPL,Nepal,2005,25744500,1.27,39.27,4.3,8259,3.5,1.5,3.4,4.5,66.53,64,163,0.2,53.7,0.2,320.806385829983,11.2282235040494,10.9074171182194,14.4362873623492,very low
NPL,Nepal,2010,27013212,0.48,36.29,5.01,16281,4.8,2.1,3.6,5,69.01,66.29,163,0.2,42.6,0.838,602.705076315989,28.9298436631675,21.6973827473756,30.1352538157995,very low
NPL,Nepal,2019,28087871,1.65,30.41,5.73,24870,7.5,2.6,5.1,6.3,71.9,68.99,151,0.1,33.8,0.7,885.435567544439,66.407667565833,45.1572139447664,55.7824407552997,low
NZL,New Zealand,2005,4133900,1.13,21.54,12.06,114721,3.3,3.8,6.3,8.3,81.9,77.9,9.2,0.1,5.4,2.1,27751.2760347372,915.792109146327,1748.33039018844,2303.35591088319,very high
NZL,New Zealand,2010,4350700,1.11,20.5,13.05,146584,1,6.1,7,9.6,82.7,78.8,7.9,0.1,5,2.6,33692.049555244,336.92049555244,2358.44346886708,3234.43675730342,very high
NZL,New Zealand,2019,4841000,0.98,19.65,15.65,202044,2.8,5.2,6.3,9.2,83.6,80.2,7.3,0.1,4.4,3,41736.0049576534,1168.60813881429,2629.36831233216,3839.71245610411,very high
OMN,Oman,2005,2511251,2.65,32.48,2.59,31082,2.5,4.2,3.5,2.6,76.61,72.35,12,0.1,14.6,1.7,12377.0981076762,309.427452691905,433.198433768667,321.804550799582,medium
OMN,Oman,2010,3041434,5.59,25.69,2.69,57048,2,4,4.2,2.7,78.16,73.86,12,0.1,9.8,1.9,18756.9416268773,375.138832537546,787.791548328848,506.437423925688,high
OMN,Oman,2019,4829483,3.45,22.25,2.39,70784,-0.9,3.2,6.7,4.3,80.13,75.89,5.9,0.2,9.6,2,14656.6413009426,-131.909771708483,981.994967163152,630.23557594053,high
PAN,Panama,2005,3330217,1.84,30.43,6.08,15714,7.2,10.3,3.6,6.2,78.68,73.27,61,0.8,20.6,1.3,4718.61142982574,339.740022947454,169.870011473727,292.553908649196,medium
PAN,Panama,2010,3642687,1.76,29.13,6.76,29440,5.8,6.5,3.5,7,79.84,73.93,53,0.8,17.8,1.4,8081.9461018748,468.752873908738,282.868113565618,565.736227131236,high
PAN,Panama,2019,4176873,1.69,27.06,8.1,61838,5.4,4.7,3.2,7.3,81.59,75.24,52,0.9,16,1.6,14804.8552110634,799.462181397423,473.755366754029,1080.75443040763,high
PER,Peru,2005,27866145,0.87,32.05,5.49,76080,6.3,4.9,2.8,4.6,75.26,70.56,151,0.4,24.9,0.904,2730.19465017497,172.002262961023,76.4454502048992,125.588953908049,low
PER,Peru,2010,29027674,0.81,30.1,6.22,147528,8.3,3.5,2.9,4.7,76.89,71.97,134,0.3,18.1,0.9,5082.32247613088,421.832765518863,147.387351807796,238.869156378151,medium
PER,Peru,2019,31989256,1.72,25.79,8.09,211403,2.5,3.7,3.9,5.1,79.28,73.83,123,0.3,14.1,1.3,6608.56257488452,165.214064372113,257.733940420496,337.03669131911,medium
PYF,French Polynesia,2005,258780,1.08,28.16,5,5703,1.4,11.8,4.457,4.952,76.8,71.77,28,1.238,9.4,1.315,22038.0245768607,308.532344076049,982.234755390679,1091.32297704614,high
PYF,French Polynesia,2010,266455,0.45,25.48,6.35,6081,-2.5,18,4.527,5.546,78.03,73.46,18,1.569,8.8,1.64,22821.8648552288,-570.546621380721,1033.14582199621,1265.70062487099,very high
PYF,French Polynesia,2019,277679,0.57,22.76,8.29,5606,2.3,20.2,4.904,6.071,79.72,75.4,22,1.027,6.9,1.937,20188.7791298586,464.341919986747,990.057728528265,1225.66078097371,high
PNG,Papua New Guinea,2005,6494903,2.19,39.18,3.18,7312,3.9,2.5,2.977,2.5,61.92,59.24,432,1,58.2,0,1125.80588193542,43.9064293954813,33.5152411052174,28.1451470483855,very low
PNG,Papua New Guinea,2010,7310507,2.29,38.3,3.32,14251,10.1,2,3.205,2.1,63.45,60.7,432,0.8,54.5,0.1,1949.38600017755,196.887986017933,62.4778213056905,40.9371060037286,very low
PNG,Papua New Guinea,2019,8606316,1.97,35.82,3.45,22006,-1.5,2.7,3.224,2,65.58,63.04,432,0.8,48.3,0.415,2556.95933079845,-38.3543899619768,82.436368824942,51.139186615969,low
PHL,Philippines (the),2005,86326250,1.89,37.06,3.49,103072,4.8,3.8,2.4,3.9,72.85,65.6,539,0.1,27.9,1.2,1193.98213173861,57.3111423234532,28.6555711617266,46.5653031378057,very low
PHL,Philippines (the),2010,93966780,1.67,33.99,4.14,199591,7.6,3.6,2.7,4.3,74.01,65.96,531,0.1,25.5,1.3,2124.05916218476,161.428496326042,57.3495973789886,91.3345439739448,low
PHL,Philippines (the),2019,106651922,1.4,30.96,5.12,313595,6.7,1.8,3.347,4.4,75.39,67.12,554,0.1,23.7,1.008,2940.35957457944,197.004091496823,98.413834961174,129.375821281496,low
PAK,Pakistan,2005,160304008,2.3,39.97,4.1,117708,7.7,7.7,2.3,2.7,64.89,63.1,276,0.1,82.9,0.8,734.279831605957,56.5395470336587,16.888436126937,19.8255554533608,very low
PAK,Pakistan,2010,179424641,2.2,37.69,4.24,174508,1.6,0.6,2.3,2.6,66.23,64.38,276,0.1,75.6,0.8,972.597738122268,15.5615638099563,22.3697479768122,25.287541191179,very low
PAK,Pakistan,2019,212215030,2.06,35.27,4.31,302139,5.7,4.3,2.8,2.8,68.11,66.19,265,0.1,68.1,1,1423.73987365551,81.153172798364,39.8647164623542,39.8647164623542,very low
POL,Poland,2005,38165445,-0.04,16.61,13.08,306127,3.5,17.8,5.4,5.8,79.4,70.8,25,0.281,7.1,2.759,8021.05150352629,280.73680262342,433.13678119042,465.220987204525,high
POL,Poland,2010,38042794,-0.29,15.22,13.47,479321,3.6,9.6,5.1,6.4,80.6,72.1,21,0.302,5.7,2.2,12599.521475736,453.582773126495,642.575595262535,806.369374447103,high
POL,Poland,2019,37974750,0,15.05,17.52,526212,4.8,4.4,4.8,6.5,81.8,73.9,16,0.266,4.4,2.4,13856.8917504394,665.130804021093,665.130804021093,900.697963778563,high
PRI,Puerto Rico,2005,3821362,-0.14,22.27,12.19,83915,-2,11.4,5.438,7.97500000000001,82.45,74.34,3.6,0.281,8,2.681,21959.447966458,-439.188959329161,1194.15478041599,1751.26597532503,very high
PRI,Puerto Rico,2010,3721525,-0.51,20.63,13.11,98381,-0.4,16.4,5.459,8.628,82.26,74.76,2.6,0.42,7.2,2.508,26435.6681736654,-105.742672694661,1443.12312560039,2280.86945002385,very high
PRI,Puerto Rico,2019,3195153,-3.98,16.84,18.67,104219,-2.4,10.3,6.1,8.627,83.38,76.35,0.95,0.517,6.4,3.187,32617.8433395834,-782.828240150002,1989.68844371459,2813.94134490586,very high
PSE,Palestine, State of,2005,3320396,2.56,45.52,2.52,4832,10.8,23.5,6.027,6.346,73.69,70.43,0.98,3.334,23.7,0.896,1455.2481089605,157.166795767734,87.7078035270492,92.3500449946332,low
PSE,Palestine, State of,2010,3786161,2.6,42.29,2.75,8913,8.1,23.7,6.7,6.164,74.56,71.1,0.96,2.865,21,1.015,2354.09957474075,190.682065554,157.72467150763,145.10669778702,low
PSE,Palestine, State of,2019,4569087,2.53,38.95,3.13,14498,3.1,26.4,5.3,5.839,75.6,72.26,0.77,3.061,19.3,1.19,3173.06280226225,98.3649468701296,168.172328519899,185.275137024093,medium
PRT,Portugal,2005,10503330,0.19,15.44,17.2,197300,0.8,7.6,5.1,9.4,81.4,74.9,36,0.6,4.5,3.4,18784.5188145093,150.276150516074,958.010459539974,1765.74476856387,very high
PRT,Portugal,2010,10573100,0.05,14.97,18.66,238303,1.9,10.8,5.4,9.8,82.1,76.1,28,0.6,3.3,3.8,22538.6121383511,428.233630628671,1217.08505547096,2208.78398955841,very high
PRT,Portugal,2019,10283822,-0.16,13.46,21.95,195041,0.9,6.7,4.9,9.1,84.9,78.7,24,0.5,2.9,3.3,18965.8086264037,170.692277637633,929.324622693781,1725.88858500274,very high
PLW,Palau,2005,19781,-0.43,27.9295,6.854,191,0.2,4.2,7.6,9,72.1,66.3,58,1.211,25.686,1.289,9655.73024619584,19.3114604923917,733.835498710884,869.015722157626,high
PRY,Paraguay,2005,5824096,1.62,35.5,4.74,8735,2.1,4.8,3.4,5,73.73,69.72,43,0.6,27.1,1.2,1499.80357466635,31.4958750679934,50.993321538656,74.9901787333176,low
PRY,Paraguay,2010,6248020,1.35,32.94,5.22,20048,13.1,4.6,3.8,6.2,74.69,70.74,42,0.5,24.1,1.406,3208.69651505597,420.339243472332,121.930467572127,198.93918393347,medium
PRY,Paraguay,2019,6956071,1.29,29.44,6.43,29435,4.3,4.6,4.5,8,76.25,72.16,43,0.5,20.8,1.4,4231.55542834453,181.956883418815,190.419994275504,338.524434267563,medium
QAT,Qatar,2005,865416,13.87,21.7,1.3,44530,7.5,1.2,4,2.6,79.83,77.22,43,0.835,9.8,2.5,51455.0227867292,3859.12670900469,2058.20091146917,1337.83059245496,very high
QAT,Qatar,2010,1856327,11.48,12.89,0.71,125122,16.7,0.4,4.5,1.8,80.73,77.93,36,0.854,8.3,3.9,67402.9952696912,11256.3002100384,3033.1347871361,1213.25391485444,high
QAT,Qatar,2019,2781677,2.07,13.54,1.37,167605,1.6,0.1,2.9,3.1,81.88,78.98,31,2.54,7.3,0,60253.2213481292,964.051541570067,1747.34341909575,1867.84986179201,very high
ROU,Romania,2005,21319685,-0.62,15.74,15.23,99699,4.2,7.2,3.5,5.5,75.57,68.37,140,0.1,16.9,2,4676.38241371765,196.408061376141,163.673384480118,257.201032754471,medium
ROU,Romania,2010,20246871,-0.59,15.78,15.67,166658,-2.8,7,3.5,5.8,77.3,69.8,104,0.1,12,2.5,8231.29657911092,-230.476304215106,288.095380268882,477.415201588433,high
ROU,Romania,2019,19466145,-0.62,15.53,18.34,211804,6.9,5,3.1,5,79.2,71.8,68,0.1,8.4,2.3,10880.6340443883,750.763749062796,337.299655376039,544.031702219417,high
SRB,Serbia,2005,7440769,-0.3,18.71,14.4,26252,5.5,20.8,4.096,8.7,75.6,70.2,40,0.1,9.5,3.198,3528.12995538499,194.047147546174,144.512202972569,306.947306118494,medium
SRB,Serbia,2010,7291436,-0.4,17.34,14.74,39460,0.6,19.2,4.6,10.1,77,71.8,30,0.1,7.1,2.5,5411.82834218116,32.4709700530869,248.944103740333,546.594662560297,high
SRB,Serbia,2019,6982604,-0.55,15.69,18.35,41590,2,12.2,3.9,9.1,78.1,73.1,17,0.1,6.1,3.1,5956.23065549758,119.124613109952,232.292995564405,542.016989650279,high
RUS,Russian Federation (the),2005,143518523,-0.38,15.17,13.82,771495,6.4,7.2,3.8,4.8,72.47,58.92,87,1.447,16.2,2.213,5375.57789665937,344.0369853862,204.271960073056,258.02773903965,medium
RUS,Russian Federation (the),2010,142849449,0.04,14.93,13.11,1539845,4.5,7.4,4.1,5,74.88,63.09,85,0.518,10.7,2.4,10779.4955512919,485.077299808136,441.959317602968,538.974777564595,high
RUS,Russian Federation (the),2019,144478050,-0.01,17.91,14.67,1577524,1.5,4.9,3.8,5.3,77.81,67.75,54,0.422,8.3,4,10918.7797039066,163.781695558599,414.91362874845,578.695324307049,high
RWA,Rwanda,2005,8840215,1.82,42.36,2.78,2581,9.4,1.7,5.7,8.8,56.44,54.01,102,3.8,94.3,0.227,291.961224924959,27.4443551429462,16.6417898207227,25.6925877933964,very low
RWA,Rwanda,2010,10039338,2.59,41.54,2.57,5772,7.3,3,4.9,8.6,65.11,61.67,83,3.3,62.7,0.141,574.938307685228,41.9704964610216,28.1719770765762,49.4446944609296,very low
RWA,Rwanda,2019,12301939,2.64,39.98,2.94,9136,6.1,1.4,3.2,6.8,70.78,66.52,59,2.5,39.4,0.1,742.647155054175,45.3014764583047,23.7647089617336,50.5000065436839,low
SAU,Saudi Arabia,2005,23816183,2.91,33.87,2.96,328461,5.6,6,5.4,3.4,74.88,71.88,17,0.473000000000001,16.3,0.7,13791.5047092139,772.324263715978,744.741254297551,468.911160113273,high
SAU,Saudi Arabia,2010,27421461,2.93,29.7,2.97,528207,5,5.6,5.1,3.7,75.53,72.62,19,0.436000000000001,12.2,2.4,19262.5403876183,963.127019380915,982.389559768533,712.713994341877,high
SAU,Saudi Arabia,2019,33699947,1.8,25.04,3.31,683827,-0.7,5.3,4.64,5.7,76.61,73.8,10,0.400000000000001,8.7,2.4,20291.6342865465,-142.041440005826,941.531830895758,1156.62315433315,high
SLB,Solomon Islands,2005,469918,2.45,41.31,3.02,429,12.8,2.2,7.252,10.1,70.83,67.69,106,1.41,24.6,0.2,912.925233764189,116.854429921816,66.2053379525789,92.205448610183,low
SLB,Solomon Islands,2010,527861,2.43,40.75,3.34,720,10.6,2.1,9.9,7.3,72.55,69.07,80,2.824,23,0.2,1363.99544577076,144.583517251701,135.035549131305,99.5716675412656,low
SLB,Solomon Islands,2019,652858,2.61,40.24,3.6,1212,3.5,2.1,5.161,5.2,74.7,71.16,74,1.652,20.2,0.2,1856.4527048761,64.9758446706634,95.8115240986554,96.5355406535571,low
SYC,Seychelles,2005,82858,0.46,24.97,6.98,919,9,5.5,5.4,3.9,77.1,67.4,18,1.189,11.9,1.2,11091.2645731251,998.21381158126,598.928286948756,432.559318351879,high
SYC,Seychelles,2010,89770,2.79,22.81,7.57,970,5.9,7.87800000000001,4.8,3.6,77.5,69.1,21,1.35,12.2,1.1,10805.3915561992,637.518101815751,518.65879469756,388.99409602317,high
SYC,Seychelles,2019,96762,0.95,23.64,7.59,1487,6.3,4.1,4.4,3.9,77.4,68.5,18,1.235,12.4,0.9,15367.6029846427,968.158988032492,676.17453132428,599.336516401067,high
SDN,Sudan (the),2005,30949516,2.4,43.47,3.12,40581.44,6.949,13.1,1.6,4.1,62.49,58.64,236.32,0.2,61.8,0.3,1311.21404289489,91.1162638407657,20.9794246863182,53.7597757586904,low
SDN,Sudan (the),2010,34545013,2.23,42.99,3.27,54459,8.8,12.8,2.2,5,64.54,61.03,213.74,0.2,53.2,0.3,1576.46488655251,138.728910016621,34.6822275041552,78.8232443276255,low
SDN,Sudan (the),2019,41801533,2.39,40.51,3.58,120266,3.2,12.7,4.5,5.7,66.95,63.28,71,0.2,47.8,0.4,2877.07151792734,92.066288573675,129.468218306731,163.993076521859,medium
SWE,Sweden,2005,9029572,0.4,17.4,17.31,389489,2.8,7.7,6.6,8.3,82.8,78.4,6.9,0.13,3.2,3.355,43134.8241090497,1207.77507505339,2846.89839119728,3580.19040105112,very high
SWE,Sweden,2010,9378126,0.85,16.51,18.22,488909,6,8.6,6.6,8.5,83.5,79.5,7.5,0.159,2.6,3.9,52132.9101357777,3127.97460814666,3440.77206896133,4431.2973615411,very high
SWE,Sweden,2019,10175214,1.16,17.58,20.1,535607,2.1,6.3,7.6,10.9,84.1,81,5.5,0.137,2.4,5.4,52638.401511752,1105.40643174679,4000.51851489315,5737.58576478097,very high
SGP,Singapore,2005,4265762,2.35,17.23,7.17,127418,7.5,5.6,3.2,3,82.5,77.6,37,0.2,2.5,1.5,29869.9271079821,2240.24453309866,955.837667455428,896.097813239463,high
SGP,Singapore,2010,5076732,1.77,13.99,7.26,236420,15.2,3.2,3.1,3.2,84,79.2,35,0.3,2.2,1.7,46569.3284577559,7078.5379255789,1443.64918219043,1490.21851064819,very high
SGP,Singapore,2019,5638676,0.47,12.28,11.46,323901,3.6,1.7,2.9,4.5,85.4,81,47,0.2,2.1,2.3,57442.7401042372,2067.93864375254,1665.83946302288,2584.92330469068,very high
SVN,Slovenia,2005,2000474,0.17,13.97,15.5,36345,4,6.5,5.6,8,81.3,74.1,16,0.1,4,2.946,18168.1941379893,726.727765519572,1017.4188717274,1453.45553103914,very high
SVN,Slovenia,2010,2048583,0.44,13.99,16.69,48014,1.2,7.2,5.6,8.6,82.7,76.3,9.5,0.1,3.2,2.4,23437.6639853011,281.251967823613,1312.50918317686,2015.63910273589,very high
SVN,Slovenia,2019,2073894,0.36,15.02,19.61,48456,4.9,6,4.9,8.5,84,78.2,5.3,0.1,2.2,3,23364.7428460664,1144.87239945725,1144.87239945725,1986.00314191564,very high
SVK,Slovakia,2005,5372807,0.01,16.82,11.64,48965,6.8,16.3,3.8,6.6,77.9,70.1,15,0.1,7.3,2.927,9113.48574404404,619.717030594995,346.312458273673,601.490059106906,high
SVK,Slovakia,2010,5391428,0.09,15.34,12.45,89501,5,14.4,4.1,7.8,78.8,71.6,8.7,0.1,6.2,3.3,16600.6111924336,830.030559621681,680.625058889778,1294.84767300982,very high
SVK,Slovakia,2019,5446771,0.14,15.45,15.63,95618,3.2,7,4.6,7.1,80.7,73.8,5.8,0.1,5.4,2.5,17554.9880837656,561.759618680499,807.529451853217,1246.40415394736,very high
SLE,Sierra Leone,2005,5645624,3.82,43.74,3.15,1650,4.5,3.6,2.8,11,45.25,43.73,316,1.5,141.9,0,292.261758841892,13.1517791478852,8.18332924757299,32.1487934726082,very low
SLE,Sierra Leone,2010,6415634,2.25,43.04,3.06,2578,5.3,4.3,2.6,10.9,50.23,48.5,317,1.5,122.1,0,401.830902448612,21.2970378297764,10.4476034636639,43.7995683668987,very low
SLE,Sierra Leone,2019,7650154,2.14,41.06,2.97,3740,3.8,4.2,4.6,16.5,55.11,53.47,298,1.5,97.1,0,488.879047402183,18.577403801283,22.4884361805004,80.6650428213602,low
SEN,Senegal,2005,11090116,2.56,43.74,3.22,11267,5.6,9,5.1,4.6,62.09,59.08,141,0.7,61.1,0.1,1015.94969791119,56.8931830830264,51.8134345934704,46.7336861039145,very low
SEN,Senegal,2010,12678148,2.74,43.51,3.16,16725,4.2,10.2,6.5,4.9,65.83,62.62,132,0.6,47.5,0.1,1319.19898710758,55.4063574585184,85.7479341619927,64.6407503682715,low
SEN,Senegal,2019,15854360,2.78,43.06,3.09,21126,6.7,4.8,6.2,5.6,69.63,65.5,118,0.4,38.3,0.1,1332.50411874084,89.2777759556362,82.615255361932,74.6202306494869,low
SOM,Somalia,2005,10446863,3.08,47.89,2.64,2316,3,5.9,3.121,6.596,53.96,50.83,285,0.4,97,0.0159999999999999,221.693344691129,6.65080034073386,6.91904928781013,14.6228930158269,very low
SOM,Somalia,2010,12043883,2.75,48.17,2.69,1093,2.6,6,3.222,6.875,55.62,52.44,286,0.3,89.8,0,90.7514627965084,2.35953803270922,2.9240121313035,6.23916306725995,very low
SOM,Somalia,2019,15008154,2.83,46.58,2.87,1535,1.8,5.9,3.308,6.211,58.79,55.41,262,0.1,79.4,0,102.277735156502,1.84099923281704,3.38334747897709,6.35247013057036,very low
SUR,Suriname,2005,499464,1.17,31.32,5.91,2193,3.9,9.8,5.069,6.5,72.36,65.7,29,1.3,28,0.8,4390.70683773005,171.237566671472,222.564929604536,285.395944452453,medium
SUR,Suriname,2010,529131,1.14,29.4,6.17,4368,5.2,7.6,4.68,5.5,73.81,67.34,46,1.4,23.7,0.7,8255.04459198195,429.262318783061,386.336086904755,454.027452559007,high
SUR,Suriname,2019,575991,0.96,27.17,6.91,3807,-0.7,8,4.825,6.1,74.94,68.37,38,1.4,20.3,1.2,6609.47827309802,-46.2663479116861,318.907326676979,403.178174658979,high
SSD,South Sudan,2010,9508364,3.93,43.52,3.33,15206,-1.8,12.1,2.816,4.452,56.05,53.58,243.72,2.4,78.6,0.265,1599.2235888319,-28.7860245989741,45.0341362615062,71.197434174796,low
SSD,South Sudan,2019,10975920,0.6,41.82,3.4,5694,1.3,11.5,1,5.213,59.14,56.12,146,2.5,65.8,0.278,518.77200271139,6.74403603524807,5.1877200271139,27.0435845013448,very low
STP,Sao Tome and Principe,2005,157472,2.4,44,3.33,126,7.1,16.5,5.3,11.2,66.76,62.52,151,2.415,56.1,0.5,800.142247510669,56.8100995732575,42.4075391180654,89.6159317211949,low
STP,Sao Tome and Principe,2010,180371,2.52,43.41,3,197,6.7,14.6,9.7,6.8,69.67,65.17,117,3.937,42.1,0.353,1092.19331267221,73.1769519490384,105.942751329205,74.2691452617106,low
STP,Sao Tome and Principe,2019,211028,1.88,42.52,2.93,393,3.9,13.5,4.9,6,72.58,67.78,124,1.896,32.1,0.3,1862.31211024129,72.6301722994105,91.2532934018235,111.738726614478,low
SLV,El Salvador,2005,6052123,0.47,34.77,6.32,14698,3.6,7.2,3.2,7.2,74.63,65.49,37,0.7,23.6,1.7,2428.56928056485,87.4284941003347,77.7142169780753,174.856988200669,medium
SLV,El Salvador,2010,6183875,0.42,31.64,7.07,18448,1.4,4.9,4,6.9,75.71,66.48,34,0.7,21.6,1.9,2983.24270784904,41.7653979098866,119.329708313962,205.843746841584,medium
SLV,El Salvador,2019,6420744,0.51,27.13,8.29,24805,2.3,4.6,3.8,7,77.64,68.23,70,0.6,17.7,1.6,3863.25946027439,88.8549675863109,146.803859490427,270.428162219207,medium
SYR,Syrian Arab Republic,2005,18361176,2.95,39.33,3.35,28397,6.2,9.2,5.4,4.1,76.77,72.3,29,0.1,17.7,1.5,1546.57849802213,95.8878668773721,83.5152388931951,63.4097184189074,low
SYR,Syrian Arab Republic,2010,21362529,0.74,37.39,3.41,60465,3.4,8.6,5.1,3.3,76.78,68.11,21,0.1,15,1.5,2830.42330802687,96.2343924729137,144.35158870937,93.4039691648868,low
SYR,Syrian Arab Republic,2019,16906283,-0.95,31.42,4.5,15183,1.9,14.9,4.624,3.6,77.76,66.58,19,0.1,17.9,1.2,898.068487319182,17.0633012590645,41.526686853639,32.3304655434906,very low
SWZ,Eswatini,2005,1030579,0.42,41.33,3.29,3178,6,22.1,6.5,5.6,44.6,40.66,1060,26.3,86.3,0.2,3083.70343273053,185.022205963832,200.440723127485,172.68739223291,medium
SWZ,Eswatini,2010,1064837,0.69,40.19,3.67,4439,3.8,27.8,6.1,8.4,49.19,44.37,1190,27.4,74.2,0.1,4168.71314576785,158.411099539178,254.291501891839,350.171904244499,medium
SWZ,Eswatini,2019,1136191,1.01,38.11,4.01,4409,2,26.5,7.1,7.7,63.97,55.28,329,27.3,51.6,0.1,3880.50952700734,77.6101905401469,275.516176417521,298.799233579565,medium
TCD,Chad,2005,10096633,3.65,49.15,2.7,6681,7.9,5.7,1.7,4.8,49.73,47.38,151,1.5,108.3,0,661.705738932969,52.2747533757046,11.2489975618605,31.7618754687825,very low
TCD,Chad,2010,11952136,3.33,48.77,2.55,10970,15,5.8,2,4.1,52.19,49.6,147,1.5,97.5,0,917.8275749205,137.674136238075,18.35655149841,37.6309305717405,very low
TCD,Chad,2019,15477751,3.02,47.13,2.48,10717,-3.1,5.9,2.9,4.5,55.4,52.58,142,1.3,84.1,0,692.413258231122,-21.4648110051648,20.0799844887025,31.1585966204005,very low
TGO,Togo,2005,5611640,2.6,42.78,2.77,2281,-4.7,1.9,3.4,3.9,55.33,53.85,71,3.3,77.3,0,406.476538053047,-19.1043972884932,13.8202022938036,15.8525849840688,very low
TGO,Togo,2010,6421679,2.7,42.79,2.73,3426,6.1,1.9,4.4,5.9,58.13,56.78,76,2.9,63.2,0.2,533.505334041144,32.5438253765098,23.4742346978103,31.4768147084275,very low
TGO,Togo,2019,7889094,2.45,41.33,2.87,4786,4.4,1.8,5.1,6.6,61.61,59.89,36,2.3,55.7,0,606.660283170666,26.6930524595093,30.9396744417039,40.0395786892639,very low
THA,Thailand,2005,65416189,0.65,21.29,7.75,189318,4.2,1.4,3.9,3.2,75.62,68.71,224,1.6,16.7,0.3,2894.0542531452,121.550278632098,112.868115872663,92.6097361006463,low
THA,Thailand,2010,67195028,0.49,19.18,8.9,341105,7.5,0.6,3.5,3.4,77.72,70.75,181,1.5,13.4,0.4,5076.34285084307,380.72571381323,177.671999779508,172.595656928664,medium
THA,Thailand,2019,69428524,0.32,17.09,11.9,455303,3.9,1.4,4.1,3.7,80.7,73.23,153,1.1,10.1,0.8,6557.8666197772,255.756798171311,268.872531410865,242.641064931756,medium
TJK,Tajikistan,2005,6789321,1.89,38.03,3.8,2312,6.7,11.2,3.5,5.2,68.32,64.04,196,0.1,57.2,1.9,340.534789856011,22.8158309203527,11.9187176449604,17.7078090725126,very low
TJK,Tajikistan,2010,7527394,2.18,35.68,3.3,5642,6.5,11.7,4,5.7,71.15,66.55,128,0.2,39,1.7,749.528987057141,48.7193841587142,29.9811594822856,42.723152262257,very low
TJK,Tajikistan,2019,9100837,2.45,36.78,3.02,7146,7.1,10.3,5.2,7,73.18,68.73,84,0.2,34.1,1.7,785.202503901564,55.7493777770111,40.8305302028813,54.9641752731095,low
TLS,Timor-Leste,2005,995135,2.36,44.66,3.71,1814,35.9,7.2,3.343,1.3,65.56,62.26,498,2.586,69,0.296,1822.86825405598,654.409703206098,60.9384857330915,23.6972873027278,very low
TLS,Timor-Leste,2010,1093523,1.78,42.53,4.04,3999,-1.2,3.3,2.4,1.4,68.79,65.63,498,3.309,53.3,0.483,3656.98755307387,-43.8838506368865,87.7677012737729,51.1978257430342,low
TLS,Timor-Leste,2019,1267972,1.97,37.78,4.32,2955,-8,3.5,2.7,4,71.38,67.28,498,2.862,44.9,0.7,2330.49310237135,-186.439448189708,62.9233137640263,93.2197240948538,low
TKM,Turkmenistan,2005,4754646,1.08,32.61,4.59,14176,13,3.8,4.13,9.6,68.89,61.26,84,0.734,62,4.3,2981.50482706809,387.595627518852,123.136149357912,286.224463398537,medium
TKM,Turkmenistan,2010,5087213,1.57,29.52,4.14,22583,9.2,4,3.82,5,70.22,63.16,79,0.349,54.1,2.3,4439.16934478663,408.403579720369,169.576268970849,221.958467239331,medium
TKM,Turkmenistan,2019,5850908,1.61,30.82,4.43,37915,6.5,3.3,3,6.6,71.58,64.6,46,0.368,46.9,2.2,6480.19076697155,421.212399853151,194.405723009147,427.692590620123,high
TUN,Tunisia,2005,10106771,0.84,25.49,7.39,32272,4,12.9,6.5,5.4,76.81,71.89,26,0.1,23,0.9,3193.10687854707,127.724275141883,207.551947105559,172.427771441542,medium
TUN,Tunisia,2010,10635244,1.04,23.33,7.49,44051,3,13,6.3,5.9,77.39,72.84,28,0.1,18,1.2,4141.98301421199,124.25949042636,260.944929895355,244.376997838508,medium
TUN,Tunisia,2019,11565204,1.15,24.17,8.32,40069,2,15.1,6.6,7,78.54,74.49,35,0.1,14.6,1.3,3464.61679361644,69.2923358723287,228.664708378685,242.523175553151,medium
TON,Tonga,2005,100905,0.68,38.21,5.9,262,1.6,3.1,3.9,4.2,71.41,68.23,21,1.784,14.4,0.3,2596.50165997721,41.5440265596353,101.263564739111,109.053069719043,low
TON,Tonga,2010,103986,0.09,37.41,5.72,374,3.6,1.1,5.021,4.7,72.03,68.08,12,1.674,14.4,0.6,3596.63800896275,129.478968322659,180.587194430019,169.041986421249,medium
TON,Tonga,2019,103197,1.17,35.42,5.95,427,2.7,1.2,5.529,5.3,72.76,68.88,10,1.699,14.7,0.5,4137.71718170102,111.718363905928,228.774382976249,219.299010630154,medium
TUR,Turkey,2005,67903469,1.32,28.6,6.68,501423,9,10.6,3,4.9,75.95,69,33,0.37,24.7,1.5,7384.35027524146,664.591524771731,221.530508257244,361.833163486832,medium
TUR,Turkey,2010,72326988,1.4,26.9,7.21,771877,8.5,10.7,2.8,5.1,77.84,71.2,25,0.296,16.4,1.7,10672.0467883994,907.123977013947,298.817310075182,544.274386208368,high
TUR,Turkey,2019,82319724,1.49,24.65,8.48,851542,7.4,11.2,4.3,4.3,80.34,74.45,16,0.285,11.8,1.8,10344.3252555123,765.480068907909,444.805985987028,444.805985987028,high
TTO,Trinidad and Tobago,2005,1296502,0.49,21.85,7.21,15938,6.2,8,3.1,4.5,73.39,68.1,15,0.944,28.8,0.8,12293.0778355915,762.170825806671,381.085412903335,553.188502601616,high
TTO,Trinidad and Tobago,2010,1328147,0.54,20.72,8.3,22062,3.3,5.9,4.442,5.2,74.77,69.22,19,0.828,28.5,1.8,16611.1130770916,548.166731544023,737.86564288441,863.777880008764,high
TTO,Trinidad and Tobago,2019,1389858,0.42,20.42,10.73,22105,-2.3,5.1,4.505,6.5,76.09,70.75,21,0.645,26.1,2.7,15904.5024743535,-365.80355691013,716.497836469625,1033.79266083298,high
TZA,Tanzania, United Republic of,2005,38450320,2.82,44.76,2.54,18072,7.4,4.4,4.6,6.4,55.87,52.8,510,5.4,71,0,470.009092252028,34.7806728266501,21.6204182435933,30.0805819041298,very low
TZA,Tanzania, United Republic of,2010,44346525,2.91,44.88,2.48,31105,6.4,3,4.6,5.3,60.37,56.78,426,5,55.5,0.0909999999999999,701.407832970002,44.8901013100801,32.2647603166201,37.1746151474101,very low
TZA,Tanzania, United Republic of,2019,56318348,2.98,44.1,2.6,52090,7,2.3,3.5,4.1,66.82,63.17,253,4.6,46.9,0,924.92059603737,64.7444417226159,32.3722208613079,37.9217444375321,very low
UKR,Ukraine,2005,47105150,-0.73,14.62,15.89,89239,3.1,7.2,6.1,6.1,73.97,62.23,127,0.9,14.8,2.699,1894.46376882358,58.7283768335309,115.562289898238,115.562289898238,low
UKR,Ukraine,2010,45870700,-0.4,14.13,15.71,136012,0.3,8.1,7.3,7,75.5,65.28,110,0.9,12.6,3.5,2965.1171662957,8.89535149888709,216.453553139586,207.558201640699,medium
UKR,Ukraine,2019,44622516,-0.47,15.81,16.43,112154,2.5,8.6,5,6.7,76.72,66.69,80,1,8.8,3,2513.3948072314,62.834870180785,125.66974036157,168.397452084504,medium
UGA,Uganda,2005,27684585,3.17,49.67,1.97,11158,10,1.9,5,11.4,53.88,49.45,233,7.3,79.5,0.1,403.04017560675,40.304017560675,20.1520087803375,45.9465800191695,very low
UGA,Uganda,2010,32428167,3.19,49.09,1.87,19683,8.2,4,2.4,10.5,58.72,55.35,210,6.8,70.7,0.0979999999999999,606.97232748308,49.7717308536125,14.5673358595939,63.7320943857234,low
UGA,Uganda,2019,42723139,3.72,46.93,1.94,27699,5,2.3,2.6,6.2,65.17,60.66,200,5.7,59,0.1,648.337192639333,32.4168596319667,16.8567670086227,40.1969059436386,very low
USA,United States of America (the),2005,295516599,0.92,20.88,12.31,13036637,3.5,5.1,5.799,14.5,80.1,75,5.5,0.267,7,2.9,44114.7368510423,1544.01578978648,2558.21358999195,6396.63684340114,very high
USA,United States of America (the),2010,309321666,0.83,20.2,12.98,14992052,2.6,9.6,5.4,16.4,81,76.2,4.2,0.4,6.8,2.4,48467.5134266217,1260.15534909216,2617.24572503757,7948.67220196596,very high
USA,United States of America (the),2019,326687501,0.52,18.71,15.81,19485394,2.2,4.1,5,17.1,81.1,76.1,3,0.419,6,2.6,59645.3612101921,1312.19794662423,2982.26806050961,10199.3567669429,very high
URY,Uruguay,2005,3321803,0.01,23.69,13.58,17363,7.5,12.2,2.7,8.4,79.48,72.05,22,0.4,14.5,3.7,5226.98064876213,392.02354865716,141.128477516578,439.066374496019,high
URY,Uruguay,2010,3359275,0.29,22.2,14,40285,7.8,7.2,2.9,8.6,80.38,72.93,24,0.5,11.3,3.9,11992.1709297393,935.389332519666,347.77295696244,1031.32669995758,high
URY,Uruguay,2019,3449299,0.37,20.61,14.81,59180,2.7,8.2,4.4,9.1,81.36,73.96,33,0.6,10,5,17157.1093140954,463.241951480576,754.912809820198,1561.29694758268,very high
UZB,Uzbekistan,2005,26167000,1.16,32.6,4.84,14396,7,8.3,4.153,5,71.66,65.25,120,0.1,49.4,1.309,550.158596705774,38.5111017694042,22.8480865211908,27.5079298352887,very low
UZB,Uzbekistan,2010,28562400,2.82,29.14,4.51,39526,8.5,8.2,4.072,5.4,72.46,66.94,97,0.1,40.7,2.5,1383.84729574546,117.627020138364,56.3502618827549,74.7277539702546,low
UZB,Uzbekistan,2019,32955400,1.73,28.69,4.42,49677,5.2,6.7,6.4,6.3,73.68,69.44,70,0.2,27.7,2.4,1507.40091153498,78.3848473998192,96.4736583382389,94.966257426704,low
VCT,Saint Vincent and the Grenadines,2005,108614,0.09,28.55,7.07,551,2.5,18.9,6.4,3.3,73.78,69.04,7.4,2.038,19.6,0.9,5073.01084574733,126.825271143683,324.672694127829,167.409357909662,medium
VCT,Saint Vincent and the Grenadines,2010,108255,-0.03,25.83,8.23,681,-3.3,18.8,5.1,3.7,74.33,69.49,16,2.066,19.5,0.7,6290.7025079673,-207.593182762921,320.825827906332,232.75599279479,medium
VCT,Saint Vincent and the Grenadines,2019,110210,0.35,22.54,9.59,780,0.7,18.2,5.8,3.6,75.01,70.18,6.3,1.791,17.4,1.032,7077.39769530896,49.5417838671627,410.489066327919,254.786317031122,medium
VEN,Venezuela (Bolivarian Republic of),2005,26432447,1.66,31.69,4.97,145514,10.3,11.5,3.738,4.8,76.86,69.1,32,0.271,17.2,1.9,5505.12784533343,567.028168069343,205.781678858563,264.246136576005,medium
VEN,Venezuela (Bolivarian Republic of),2010,28439940,1.45,29.91,5.57,393806,-1.5,8.4,6.9,6.1,77.1,69.4,28,0.591,14.8,1.836,13846.934979469,-207.704024692035,955.438513583362,844.66303374761,high
VEN,Venezuela (Bolivarian Republic of),2019,28870195,-1.79,27.67,7.27,255093,-14,7.7,4.474,3.2,76.07,68.4,48,0.594,15,1.842,8835.8599586875,-1237.02039421625,395.316374551679,282.747518678,medium
VNM,Viet Nam,2005,83832661,0.92,27.1,6.54,57633,7.5,2.3,3.777,5.1,78.42,69.72,266,0.3,23.6,0.6,687.476686443247,51.5607514832435,25.9659944469614,35.0613110086056,very low
VNM,Viet Nam,2010,87967651,1,23.63,6.49,115932,6.4,2.6,5.1,6,78.88,70.72,231,0.4,19,0.7,1317.89355157386,84.3451873007272,67.212571130267,79.0736130944317,low
VNM,Viet Nam,2019,95540395,0.99,23.17,7.27,223780,6.8,2.1,5.7,5.7,79.44,71.21,182,0.3,17.9,0.8,2342.25533608062,159.273362853482,133.508554156595,133.508554156595,low
VUT,Vanuatu,2005,209282,2.49,39.68,3.27,395,5.3,5.6,8.4,3.3,69.88,67.02,83,2.03,23.7,0.1,1887.40551026844,100.032492044227,158.542062862549,62.2843818388586,low
VUT,Vanuatu,2010,236211,2.56,38.22,3.9,701,1.6,5.4,5,3.4,70.77,67.63,69,1.713,24,0.1,2967.68567086207,47.4829707337931,148.384283543103,100.90131280931,low
VUT,Vanuatu,2019,292680,2.48,38.85,3.64,864,3.5,5.2,4.7,3.7,71.99,68.85,46,1.572,24.3,0.2,2952.0295202952,103.321033210332,138.745387453875,109.225092250923,low
WSM,Samoa,2005,179727,0.63,39.61,4.75,434,5.1,2.1,3.8,4.8,72.94,68.09,15,1.398,17,0.3,2414.77351761282,123.153449398254,91.7613936692873,115.909128845416,low
WSM,Samoa,2010,185949,0.75,38.31,4.97,679,4.3,4.8,5.1,5.5,74.03,69.51,8.7,1.455,16.6,0.3,3651.53886280647,157.016171100678,186.22848200313,200.834637454356,medium
WSM,Samoa,2019,196130,0.4,38.32,4.8,856,-0.4,8,4.1,5.5,75.32,71.2,6.4,2.919,15.1,0.3,4364.45214908479,-17.4578085963392,178.942538112476,240.044868199663,medium
YEM,Yemen,2005,20107409,2.86,46.06,2.67,19041,5.1,16,9.2,5.2,65.09,61.95,80,0.1,61.6,0.3,946.964375171361,48.2951831337394,87.1207225157652,49.2421475089108,very low
YEM,Yemen,2010,23154855,2.8,42.67,2.66,30907,3.3,17.8,5.2,5.2,67.23,63.93,52,0.1,48.6,0.3,1334.79566164418,44.0482568342579,69.4093744054973,69.4093744054973,low
YEM,Yemen,2019,28498687,2.36,39.61,2.88,27957,-5.9,14,4.687,5.6,67.8,64.42,48,0.1,43.3,0.3,980.99256292053,-57.8785612123113,45.9791214240853,54.9355835235497,low
ZAF,South Africa,2005,47880601,1.24,30.88,4.61,257772,5.3,23.8,5.1,6.7,55.93,51.1,932,16.8,53.9,0.7,5383.64169656099,285.333009917733,274.565726524611,360.703993669587,medium
ZAF,South Africa,2010,51216964,1.46,29.67,4.75,375348,3,24.7,5.7,7.4,60.56,54.91,948,18.9,48.1,0.7,7328.58745785869,219.857623735761,417.729485097945,542.315471881543,high
ZAF,South Africa,2019,57779622,1.36,29.08,5.32,348872,1.3,27.6,6.1,8.1,67.4,60.46,520,20.4,32.9,0.9,6037.97650320385,78.49369454165,368.316566695435,489.076096759512,high
ZMB,Zambia,2005,11856247,2.61,47.01,2.24,8332,7.2,10.4,1.7,6.9,50.66,46.4,602,14.1,88.4,0.1,702.751891049503,50.5981361555642,11.9467821478416,48.4898804824157,very low
ZMB,Zambia,2010,13605984,2.91,47.29,2.08,20265,10.3,13.2,1.1,3.7,57.79,53.48,495,13,64.7,0.1,1489.41818541018,153.410073097249,16.383600039512,55.1084728601768,low
ZMB,Zambia,2019,17351822,2.91,44.94,2.1,25868,3.5,7.8,3.783,4.5,66.45,60.53,346,11.3,53.3,0.1,1490.7944537467,52.1778058811346,56.3967541852377,67.0857504186016,low
ZWE,Zimbabwe,2005,12076699,0.47,41.35,3.11,6223,-4.1,4.5,4.503,7.23,44.96,41.57,588,19,65,0.2,515.289815536514,-21.1268824369971,23.2035003936092,37.2554536632899,very low
ZWE,Zimbabwe,2010,12697723,1.35,41.61,3.07,10142,12.6,5.3,1.8,11.8,52.24,48.88,416,15.4,62.7,0.1,798.725881797862,100.639461106531,14.3770658723615,94.2496540521478,low
ZWE,Zimbabwe,2019,14439018,1.41,42.4,2.94,18037,3,5,7.5,9.4,62.6,59.5,210,12.7,51.2,0.1,1249.18467447024,37.4755402341073,93.6888505852683,117.423359400203,low
